name,date,open,max,min,close,adjclose,volume
Soja,12/04/2021,1403.25,1407.25,1392.25,1393.25,1393.25,15220.0
Soja,09/04/2021,1416.0,1419.0,1400.75,1403.0,1403.0,98187.0
Soja,08/04/2021,1408.75,1422.5,1404.5,1415.25,1415.25,98187.0
Soja,07/04/2021,1420.5,1427.5,1403.75,1408.75,1408.75,84843.0
Soja,06/04/2021,1412.75,1431.0,1412.5,1418.75,1418.75,81203.0
Soja,05/04/2021,1410.0,1421.0,1405.25,1412.75,1412.75,63975.0
Soja,01/04/2021,1444.0,1456.25,1398.5,1402.0,1402.0,169783.0
Soja,31/03/2021,1368.75,1436.75,1364.75,1436.75,1436.75,128593.0
Soja,30/03/2021,1393.0,1394.75,1364.25,1366.75,1366.75,96925.0
Soja,29/03/2021,1400.5,1402.75,1383.0,1393.0,1393.0,98533.0
Soja,26/03/2021,1414.0,1419.0,1399.0,1400.5,1400.5,100389.0
Soja,25/03/2021,1430.75,1431.75,1410.5,1414.25,1414.25,104662.0
Soja,24/03/2021,1421.75,1433.5,1418.25,1432.75,1432.75,78103.0
Soja,23/03/2021,1418.75,1435.0,1414.25,1423.25,1423.25,108200.0
Soja,22/03/2021,1418.75,1423.75,1405.25,1417.5,1417.5,77293.0
Soja,19/03/2021,1391.0,1418.25,1390.0,1416.25,1416.25,86775.0
Soja,18/03/2021,1417.25,1419.0,1390.5,1392.25,1392.25,93486.0
Soja,17/03/2021,1424.0,1425.25,1408.0,1417.75,1417.75,69409.0
Soja,16/03/2021,1420.0,1425.0,1412.75,1423.25,1423.25,71215.0
Soja,15/03/2021,1409.25,1423.75,1402.0,1419.5,1419.5,82218.0
Soja,12/03/2021,1425.0,1425.0,1395.75,1415.75,1415.75,100480.0
Soja,11/03/2021,1407.75,1421.75,1407.75,1415.5,1415.5,180.0
Soja,10/03/2021,1441.25,1441.5,1411.25,1411.5,1411.5,340.0
Soja,09/03/2021,1442.25,1443.5,1430.0,1441.25,1441.25,186.0
Soja,08/03/2021,1447.0,1453.5,1436.0,1437.75,1437.75,149.0
Soja,05/03/2021,1414.25,1437.25,1414.25,1434.25,1434.25,171.0
Soja,04/03/2021,1418.75,1441.0,1409.5,1415.25,1415.25,385.0
Soja,03/03/2021,1412.0,1417.5,1400.25,1410.75,1410.75,619.0
Soja,02/03/2021,1395.0,1416.0,1383.5,1414.0,1414.0,680.0
Soja,01/03/2021,1415.75,1422.0,1392.0,1392.5,1392.5,1258.0
Soja,26/02/2021,1404.0,1408.25,1380.0,1405.25,1405.25,5701.0
Soja,25/02/2021,1423.5,1443.0,1391.75,1406.0,1406.0,44673.0
Soja,24/02/2021,1407.25,1426.5,1406.75,1423.75,1423.75,66143.0
Soja,23/02/2021,1383.75,1425.0,1380.75,1406.0,1406.0,88637.0
Soja,22/02/2021,1384.75,1388.5,1371.0,1383.75,1383.75,124120.0
Soja,19/02/2021,1376.25,1388.75,1366.5,1377.25,1377.25,140822.0
Soja,18/02/2021,1385.0,1391.25,1370.0,1375.0,1375.0,114634.0
Soja,17/02/2021,1386.25,1390.0,1376.25,1383.75,1383.75,75855.0
Soja,16/02/2021,1385.75,1394.0,1373.75,1384.75,1384.75,115890.0
Soja,12/02/2021,1368.5,1377.25,1362.0,1372.0,1372.0,89711.0
Soja,11/02/2021,1352.75,1379.75,1337.25,1367.5,1367.5,133481.0
Soja,10/02/2021,1404.5,1404.75,1352.25,1354.0,1354.0,171264.0
Soja,09/02/2021,1391.0,1409.5,1377.5,1401.75,1401.75,183992.0
Soja,08/02/2021,1368.75,1392.5,1364.75,1387.75,1387.75,132805.0
Soja,05/02/2021,1370.75,1382.75,1365.5,1366.75,1366.75,125252.0
Soja,04/02/2021,1374.0,1381.5,1364.5,1372.5,1372.5,105595.0
Soja,03/02/2021,1354.5,1372.5,1342.5,1371.25,1371.25,104412.0
Soja,02/02/2021,1366.0,1372.0,1341.5,1354.75,1354.75,101229.0
Soja,01/02/2021,1375.0,1383.0,1349.25,1365.25,1365.25,122610.0
Soja,29/01/2021,1353.25,1376.75,1335.5,1370.0,1370.0,140139.0
Soja,28/01/2021,1371.75,1391.25,1345.5,1353.25,1353.25,147312.0
Soja,27/01/2021,1376.0,1394.75,1364.5,1374.75,1374.75,176959.0
Soja,26/01/2021,1348.25,1376.5,1333.5,1370.25,1370.25,116570.0
Soja,25/01/2021,1308.75,1352.25,1298.0,1343.5,1343.5,150390.0
Soja,22/01/2021,1367.0,1367.0,1305.25,1311.75,1311.75,203991.0
Soja,21/01/2021,1369.0,1387.0,1365.5,1370.25,1370.25,118977.0
Soja,20/01/2021,1384.5,1384.5,1352.0,1369.5,1369.5,182300.0
Soja,19/01/2021,1419.0,1421.25,1383.25,1385.75,1385.75,129335.0
Soja,15/01/2021,1432.25,1434.5,1413.5,1416.75,1416.75,102084.0
Soja,14/01/2021,1413.0,1436.5,1413.0,1436.5,1436.5,109224.0
Soja,13/01/2021,1433.5,1438.25,1410.75,1411.0,1411.0,242.0
Soja,12/01/2021,1377.25,1430.0,1367.5,1422.0,1422.0,331.0
Soja,11/01/2021,1381.5,1384.5,1360.0,1374.5,1374.5,365.0
Soja,08/01/2021,1366.5,1383.75,1366.0,1375.75,1375.75,810.0
Soja,07/01/2021,1368.0,1368.0,1347.0,1360.5,1360.5,1097.0
Soja,06/01/2021,1359.75,1376.25,1359.75,1365.25,1365.25,880.0
Soja,05/01/2021,1319.25,1373.5,1319.25,1350.0,1350.0,1194.0
Soja,04/01/2021,1324.0,1349.75,1306.25,1316.5,1316.5,2421.0
Soja,31/12/2020,1302.25,1321.5,1299.25,1315.25,1315.25,3634.0
Soja,30/12/2020,1295.0,1308.25,1279.75,1303.75,1303.75,24625.0
Soja,29/12/2020,1253.75,1298.75,1245.0,1295.5,1295.5,43283.0
Soja,28/12/2020,1273.0,1279.5,1245.0,1255.25,1255.25,56756.0
Soja,24/12/2020,,,,,,
Soja,23/12/2020,1248.25,1266.75,1240.5,1258.75,1258.75,93382.0
Soja,22/12/2020,1244.5,1252.25,1236.75,1247.25,1247.25,102551.0
Soja,21/12/2020,1225.25,1244.0,1213.5,1243.25,1243.25,129147.0
Soja,18/12/2020,1202.75,1224.75,1201.5,1220.0,1220.0,110919.0
Soja,17/12/2020,1183.25,1203.0,1179.75,1201.25,1201.25,125030.0
Soja,16/12/2020,1187.0,1195.0,1181.75,1183.75,1183.75,122886.0
Soja,15/12/2020,1170.75,1185.75,1162.0,1184.25,1184.25,128713.0
Soja,14/12/2020,1164.75,1173.0,1161.25,1169.5,1169.5,101997.0
Soja,11/12/2020,1155.25,1162.75,1151.0,1160.5,1160.5,129424.0
Soja,10/12/2020,1159.75,1178.0,1150.25,1152.75,1152.75,202110.0
Soja,09/12/2020,1146.0,1160.75,1145.5,1158.5,1158.5,121502.0
Soja,08/12/2020,1157.5,1160.25,1142.75,1145.75,1145.75,176569.0
Soja,07/12/2020,1160.0,1169.0,1149.0,1158.5,1158.5,165902.0
Soja,04/12/2020,1168.0,1172.5,1157.75,1163.0,1163.0,98159.0
Soja,03/12/2020,1154.25,1170.75,1152.0,1168.25,1168.25,93899.0
Soja,02/12/2020,1163.75,1164.0,1142.5,1153.0,1153.0,134260.0
Soja,01/12/2020,1169.25,1176.0,1161.25,1162.0,1162.0,109296.0
Soja,30/11/2020,1198.0,1199.0,1168.0,1168.5,1168.5,127702.0
Soja,27/11/2020,,,,,,
Soja,25/11/2020,1197.5,1198.5,1183.25,1184.0,1184.0,85398.0
Soja,24/11/2020,1190.75,1194.0,1174.0,1191.25,1191.25,126040.0
Soja,23/11/2020,1195.5,1200.0,1186.0,1191.5,1191.5,113186.0
Soja,20/11/2020,1179.0,1196.75,1176.75,1181.0,1181.0,149969.0
Soja,19/11/2020,1174.0,1181.25,1161.75,1177.5,1177.5,130563.0
Soja,18/11/2020,1170.25,1189.75,1167.75,1175.75,1175.75,165853.0
Soja,17/11/2020,1157.0,1178.25,1156.25,1169.75,1169.75,148053.0
Soja,16/11/2020,1150.25,1155.25,1144.0,1153.5,1153.5,93941.0
Maiz,12/04/2021,577.75,586.0,577.25,578.5,578.5,19345.0
Maiz,09/04/2021,579.0,595.0,575.5,577.25,577.25,258786.0
Maiz,08/04/2021,560.75,583.0,559.25,579.75,579.75,258786.0
Maiz,07/04/2021,555.75,562.25,553.75,560.5,560.5,158002.0
Maiz,06/04/2021,553.75,561.5,552.25,554.25,554.25,134848.0
Maiz,05/04/2021,561.25,564.5,549.75,553.25,553.25,143679.0
Maiz,01/04/2021,575.0,585.0,556.5,559.75,559.75,249753.0
Maiz,31/03/2021,538.25,564.25,536.25,564.25,564.25,145896.0
Maiz,30/03/2021,546.25,547.5,533.75,539.25,539.25,136033.0
Maiz,29/03/2021,551.75,552.0,542.25,546.75,546.75,119797.0
Maiz,26/03/2021,546.5,554.0,544.0,552.5,552.5,124031.0
Maiz,25/03/2021,552.25,552.5,541.5,546.5,546.5,142181.0
Maiz,24/03/2021,551.0,553.75,548.25,553.25,553.25,92011.0
Maiz,23/03/2021,551.25,556.0,547.75,551.25,551.25,122094.0
Maiz,22/03/2021,558.0,558.75,546.75,549.0,549.0,129296.0
Maiz,19/03/2021,546.25,559.0,545.5,557.75,557.75,158521.0
Maiz,18/03/2021,556.75,558.0,545.25,546.5,546.5,157912.0
Maiz,17/03/2021,554.0,558.5,552.0,558.0,558.0,129647.0
Maiz,16/03/2021,549.5,555.5,546.75,554.25,554.25,132710.0
Maiz,15/03/2021,537.0,550.75,532.75,549.5,549.5,140615.0
Maiz,12/03/2021,545.0,551.5,544.5,549.25,549.25,123442.0
Maiz,11/03/2021,547.0,556.25,547.0,555.0,555.0,672.0
Maiz,10/03/2021,564.5,564.5,547.5,547.75,547.75,1986.0
Maiz,09/03/2021,565.0,565.0,554.25,562.0,562.0,2224.0
Maiz,08/03/2021,565.25,571.25,557.0,565.0,565.0,2320.0
Maiz,05/03/2021,545.0,564.75,544.5,562.0,562.0,1441.0
Maiz,04/03/2021,550.25,554.25,546.0,546.25,546.25,2129.0
Maiz,03/03/2021,560.0,560.0,548.0,550.25,550.25,3809.0
Maiz,02/03/2021,547.25,564.0,542.0,560.75,560.75,8112.0
Maiz,01/03/2021,560.5,562.5,547.0,547.5,547.5,6534.0
Maiz,26/02/2021,554.5,556.5,546.25,555.5,555.5,21395.0
Maiz,25/02/2021,559.0,560.5,542.5,554.75,554.75,128538.0
Maiz,24/02/2021,553.5,560.75,552.0,559.25,559.25,174397.0
Maiz,23/02/2021,550.75,559.5,550.0,553.75,553.75,134967.0
Maiz,22/02/2021,544.25,551.5,543.5,551.0,551.0,140629.0
Maiz,19/02/2021,549.25,555.5,540.75,542.75,542.75,203468.0
Maiz,18/02/2021,552.75,554.5,548.0,550.25,550.25,123409.0
Maiz,17/02/2021,552.0,554.75,547.5,553.0,553.0,121352.0
Maiz,16/02/2021,547.0,552.75,538.5,552.25,552.25,146173.0
Maiz,12/02/2021,541.0,546.25,536.75,538.75,538.75,117970.0
Maiz,11/02/2021,532.25,546.5,524.75,541.0,541.0,261046.0
Maiz,10/02/2021,556.0,556.25,531.75,534.5,534.5,285720.0
Maiz,09/02/2021,565.0,574.25,545.0,556.25,556.25,390741.0
Maiz,08/02/2021,548.75,565.75,548.75,563.75,563.75,267647.0
Maiz,05/02/2021,548.5,552.25,545.5,548.5,548.5,216445.0
Maiz,04/02/2021,552.0,558.0,547.0,550.0,550.0,217079.0
Maiz,03/02/2021,543.25,552.5,536.5,552.0,552.0,210137.0
Maiz,02/02/2021,549.75,552.5,540.25,543.0,543.0,175739.0
Maiz,01/02/2021,549.0,555.75,539.0,549.25,549.25,219066.0
Maiz,29/01/2021,534.5,553.75,533.25,547.0,547.0,279607.0
Maiz,28/01/2021,533.25,550.5,529.0,534.5,534.5,252543.0
Maiz,27/01/2021,532.5,543.75,529.5,534.0,534.0,223887.0
Maiz,26/01/2021,513.0,534.25,508.0,532.25,532.25,232259.0
Maiz,25/01/2021,500.0,515.5,492.5,511.5,511.5,264763.0
Maiz,22/01/2021,522.5,522.75,499.25,500.5,500.5,289548.0
Maiz,21/01/2021,521.0,531.5,519.25,524.25,524.25,169566.0
Maiz,20/01/2021,525.0,526.5,512.75,522.0,522.0,217777.0
Maiz,19/01/2021,531.5,534.25,523.25,526.0,526.0,188564.0
Maiz,15/01/2021,534.0,536.5,527.75,531.5,531.5,167504.0
Maiz,14/01/2021,523.0,536.5,519.0,534.25,534.25,210370.0
Maiz,13/01/2021,524.0,541.5,522.25,524.5,524.5,327689.0
Maiz,12/01/2021,491.5,517.25,489.25,517.25,517.25,248448.0
Maiz,11/01/2021,496.5,500.5,490.25,492.25,492.25,176563.0
Maiz,08/01/2021,494.0,499.5,492.5,496.25,496.25,163270.0
Maiz,07/01/2021,495.0,496.0,487.25,494.0,494.0,185782.0
Maiz,06/01/2021,492.5,502.75,491.5,495.0,495.0,202374.0
Maiz,05/01/2021,484.5,496.0,482.5,491.75,491.75,219646.0
Maiz,04/01/2021,487.25,497.75,479.5,483.75,483.75,265157.0
Maiz,31/12/2020,474.0,485.75,473.0,484.0,484.0,168459.0
Maiz,30/12/2020,466.0,476.0,462.0,474.5,474.5,163367.0
Maiz,29/12/2020,455.75,467.25,453.5,466.0,466.0,191298.0
Maiz,28/12/2020,452.0,457.5,448.0,456.5,456.5,145219.0
Maiz,24/12/2020,,,,,,
Maiz,23/12/2020,442.75,449.75,441.5,447.25,447.25,147651.0
Maiz,22/12/2020,440.0,444.25,437.25,443.5,443.5,140992.0
Maiz,21/12/2020,438.0,440.75,430.25,440.0,440.0,141947.0
Maiz,18/12/2020,432.25,438.5,432.0,437.5,437.5,128812.0
Maiz,17/12/2020,426.25,433.0,424.25,432.5,432.5,119655.0
Maiz,16/12/2020,425.25,429.25,423.75,427.25,427.25,111651.0
Maiz,15/12/2020,424.0,425.25,420.5,424.75,424.75,98612.0
Maiz,14/12/2020,424.75,429.75,419.25,419.25,419.25,108692.0
Maiz,11/12/2020,422.0,424.5,417.5,424.25,424.25,1724.0
Maiz,10/12/2020,422.0,425.75,420.0,420.25,420.25,1262.0
Maiz,09/12/2020,418.0,422.25,418.0,422.0,422.0,1079.0
Maiz,08/12/2020,418.75,419.0,415.5,417.0,417.0,1757.0
Maiz,07/12/2020,415.25,421.0,412.0,419.5,419.5,1156.0
Maiz,04/12/2020,422.25,422.75,415.75,417.0,417.0,1675.0
Maiz,03/12/2020,419.25,423.25,417.75,422.5,422.5,2379.0
Maiz,02/12/2020,414.5,419.75,409.0,419.0,419.0,3551.0
Maiz,01/12/2020,420.0,423.0,414.0,414.75,414.75,5316.0
Maiz,30/11/2020,427.5,430.5,418.25,419.75,419.75,14701.0
Maiz,27/11/2020,,,,,,
Maiz,25/11/2020,426.0,427.5,420.0,420.0,420.0,124261.0
Maiz,24/11/2020,425.75,426.5,416.5,425.75,425.75,144304.0
Maiz,23/11/2020,427.5,429.75,423.5,426.5,426.5,153801.0
Maiz,20/11/2020,422.25,428.0,421.5,423.25,423.25,137243.0
Maiz,19/11/2020,424.5,425.5,418.75,422.5,422.5,133305.0
Maiz,18/11/2020,419.0,428.5,418.5,425.75,425.75,205431.0
Maiz,17/11/2020,417.5,422.0,417.25,420.25,420.25,156573.0
Maiz,16/11/2020,409.0,416.75,409.0,416.25,416.25,132116.0
Azúcar,12/04/2021,15.48,15.57,15.42,15.58,15.58,6600.0
Azúcar,09/04/2021,15.26,15.72,15.22,15.46,15.46,65851.0
Azúcar,08/04/2021,15.13,15.39,15.13,15.18,15.18,65851.0
Azúcar,07/04/2021,15.18,15.34,14.99,15.14,15.14,53599.0
Azúcar,06/04/2021,14.8,15.21,14.79,15.16,15.16,65353.0
Azúcar,05/04/2021,14.74,14.96,14.69,14.84,14.84,29959.0
Azúcar,01/04/2021,14.71,14.94,14.68,14.71,14.71,52148.0
Azúcar,31/03/2021,14.94,15.03,14.67,14.77,14.77,69820.0
Azúcar,30/03/2021,15.0,15.14,14.87,14.92,14.92,43418.0
Azúcar,29/03/2021,15.13,15.16,14.84,14.92,14.92,60213.0
Azúcar,26/03/2021,15.12,15.29,15.09,15.19,15.19,34647.0
Azúcar,25/03/2021,15.54,15.63,15.01,15.09,15.09,61562.0
Azúcar,24/03/2021,15.4,15.67,15.28,15.63,15.63,31695.0
Azúcar,23/03/2021,15.52,15.54,15.05,15.43,15.43,76780.0
Azúcar,22/03/2021,15.76,15.86,15.51,15.53,15.53,40297.0
Azúcar,19/03/2021,15.81,15.89,15.55,15.76,15.76,59634.0
Azúcar,18/03/2021,16.05,16.1,15.81,15.89,15.89,35362.0
Azúcar,17/03/2021,16.23,16.28,15.94,15.99,15.99,47232.0
Azúcar,16/03/2021,16.2,16.55,16.07,16.3,16.3,45659.0
Azúcar,15/03/2021,16.2,16.28,15.91,16.12,16.12,55356.0
Azúcar,12/03/2021,16.29,16.3,16.07,16.13,16.13,38015.0
Azúcar,11/03/2021,16.06,16.41,16.0,16.36,16.36,55021.0
Azúcar,10/03/2021,15.95,16.13,15.91,15.96,15.96,42067.0
Azúcar,09/03/2021,16.13,16.16,15.85,15.9,15.9,63229.0
Azúcar,08/03/2021,16.5,16.54,16.15,16.2,16.2,39685.0
Azúcar,05/03/2021,16.26,16.56,16.08,16.4,16.4,41175.0
Azúcar,04/03/2021,16.13,16.41,15.96,16.26,16.26,48258.0
Azúcar,03/03/2021,16.5,16.53,16.07,16.14,16.14,42400.0
Azúcar,02/03/2021,16.2,16.53,16.02,16.43,16.43,59166.0
Azúcar,01/03/2021,16.55,16.7,16.17,16.21,16.21,58118.0
Azúcar,26/02/2021,17.78,17.78,17.32,17.53,17.53,60938.0
Azúcar,25/02/2021,18.12,18.38,17.7,17.84,17.84,10616.0
Azúcar,24/02/2021,18.4,18.5,18.1,18.16,18.16,35604.0
Azúcar,23/02/2021,18.76,18.94,18.25,18.41,18.41,48482.0
Azúcar,22/02/2021,17.89,18.89,17.64,18.78,18.78,63661.0
Azúcar,19/02/2021,17.66,17.96,17.6,17.79,17.79,65037.0
Azúcar,18/02/2021,17.0,17.54,17.0,17.51,17.51,39294.0
Azúcar,17/02/2021,16.85,17.09,16.8,16.96,16.96,54607.0
Azúcar,16/02/2021,16.54,16.77,16.49,16.73,16.73,71365.0
Azúcar,12/02/2021,16.51,16.59,16.3,16.38,16.38,46924.0
Azúcar,11/02/2021,16.7,16.82,16.47,16.55,16.55,75570.0
Azúcar,10/02/2021,16.53,17.05,16.37,16.71,16.71,118086.0
Azúcar,09/02/2021,16.35,16.58,16.21,16.44,16.44,98808.0
Azúcar,08/02/2021,16.46,16.61,16.26,16.27,16.27,77087.0
Azúcar,05/02/2021,16.17,16.52,16.07,16.42,16.42,86154.0
Azúcar,04/02/2021,16.14,16.16,15.82,16.05,16.05,59469.0
Azúcar,03/02/2021,16.29,16.38,15.96,16.04,16.04,55991.0
Azúcar,02/02/2021,16.25,16.48,16.08,16.29,16.29,50943.0
Azúcar,01/02/2021,15.93,16.27,15.87,16.15,16.15,55863.0
Azúcar,29/01/2021,15.57,16.03,15.55,15.83,15.83,55784.0
Azúcar,28/01/2021,15.78,16.0,15.57,15.59,15.59,47856.0
Azúcar,27/01/2021,15.84,16.19,15.66,15.8,15.8,49889.0
Azúcar,26/01/2021,15.74,15.86,15.62,15.74,15.74,45122.0
Azúcar,25/01/2021,15.94,16.1,15.72,15.74,15.74,45720.0
Azúcar,22/01/2021,15.99,16.04,15.73,15.87,15.87,46066.0
Azúcar,21/01/2021,16.3,16.38,15.81,16.05,16.05,56998.0
Azúcar,20/01/2021,16.1,16.56,16.02,16.27,16.27,50379.0
Azúcar,19/01/2021,16.5,16.7,16.06,16.1,16.1,55683.0
Azúcar,15/01/2021,16.67,16.71,16.27,16.45,16.45,66493.0
Azúcar,14/01/2021,15.95,16.75,15.95,16.67,16.67,73484.0
Azúcar,13/01/2021,15.55,15.98,15.51,15.84,15.84,45426.0
Azúcar,12/01/2021,15.75,15.94,15.44,15.46,15.46,44578.0
Azúcar,11/01/2021,15.55,15.75,15.4,15.67,15.67,60803.0
Azúcar,08/01/2021,15.7,15.87,15.54,15.6,15.6,43315.0
Azúcar,07/01/2021,16.33,16.33,15.55,15.6,15.6,63171.0
Azúcar,06/01/2021,16.12,16.32,16.02,16.25,16.25,54111.0
Azúcar,05/01/2021,15.75,16.15,15.64,16.12,16.12,69658.0
Azúcar,04/01/2021,15.65,16.13,15.55,15.76,15.76,89030.0
Azúcar,31/12/2020,15.28,15.53,15.16,15.49,15.49,40651.0
Azúcar,30/12/2020,15.07,15.45,14.98,15.28,15.28,43017.0
Azúcar,29/12/2020,15.03,15.07,14.85,15.04,15.04,28854.0
Azúcar,28/12/2020,14.93,15.13,14.83,14.98,14.98,21611.0
Azúcar,24/12/2020,,,,,,
Azúcar,23/12/2020,14.59,14.9,14.56,14.83,14.83,50732.0
Azúcar,22/12/2020,14.55,14.64,14.4,14.54,14.54,24319.0
Azúcar,21/12/2020,14.36,14.63,14.28,14.53,14.53,33771.0
Azúcar,18/12/2020,14.68,14.76,14.39,14.44,14.44,32680.0
Azúcar,17/12/2020,14.49,14.72,14.45,14.68,14.68,36633.0
Azúcar,16/12/2020,14.28,14.54,14.24,14.49,14.49,40351.0
Azúcar,15/12/2020,14.15,14.32,14.09,14.21,14.21,37497.0
Azúcar,14/12/2020,14.43,14.45,14.09,14.12,14.12,51744.0
Azúcar,11/12/2020,14.66,14.7,14.38,14.43,14.43,47666.0
Azúcar,10/12/2020,14.92,15.07,14.6,14.66,14.66,40630.0
Azúcar,09/12/2020,14.45,14.99,14.41,14.97,14.97,63150.0
Azúcar,08/12/2020,14.46,14.53,14.34,14.39,14.39,26516.0
Azúcar,07/12/2020,14.4,14.66,14.3,14.45,14.45,35682.0
Azúcar,04/12/2020,14.75,14.77,14.39,14.44,14.44,37281.0
Azúcar,03/12/2020,14.62,14.89,14.58,14.71,14.71,37185.0
Azúcar,02/12/2020,14.63,14.74,14.33,14.6,14.6,54769.0
Azúcar,01/12/2020,14.55,14.85,14.4,14.51,14.51,65514.0
Azúcar,30/11/2020,14.82,14.91,14.41,14.51,14.51,56056.0
Azúcar,27/11/2020,,,,,,
Azúcar,25/11/2020,15.06,15.15,14.66,14.77,14.77,51587.0
Azúcar,24/11/2020,15.08,15.13,14.92,15.04,15.04,33930.0
Azúcar,23/11/2020,15.3,15.49,15.08,15.15,15.15,31163.0
Azúcar,20/11/2020,15.31,15.4,14.87,15.21,15.21,53154.0
Azúcar,19/11/2020,15.45,15.52,15.22,15.28,15.28,32738.0
Azúcar,18/11/2020,15.32,15.56,15.31,15.45,15.45,32857.0
Azúcar,17/11/2020,15.46,15.66,15.22,15.31,15.31,48208.0
Azúcar,16/11/2020,14.96,15.58,14.96,15.47,15.47,64744.0
Oro,12/04/2021,1744.5,1745.0,1735.2,1741.8,1741.8,38408.0
Oro,09/04/2021,1750.8,1750.8,1733.3,1743.3,1743.3,1298.0
Oro,08/04/2021,1736.0,1758.0,1734.6,1756.8,1756.8,1298.0
Oro,07/04/2021,1742.7,1742.7,1733.7,1740.1,1740.1,557.0
Oro,06/04/2021,1726.9,1744.8,1726.9,1741.5,1741.5,890.0
Oro,05/04/2021,1727.9,1729.7,1721.9,1727.0,1727.0,275.0
Oro,01/04/2021,1706.8,1728.8,1706.4,1726.5,1726.5,720.0
Oro,31/03/2021,1683.7,1713.8,1676.5,1713.8,1713.8,762.0
Oro,30/03/2021,1711.0,1712.6,1676.5,1683.9,1683.9,25316.0
Oro,29/03/2021,1712.1,1712.1,1712.1,1712.1,1712.1,135457.0
Oro,26/03/2021,1721.3,1732.2,1721.3,1732.2,1732.2,33.0
Oro,25/03/2021,1732.7,1733.2,1724.5,1724.9,1724.9,15.0
Oro,24/03/2021,1727.5,1732.9,1727.5,1732.9,1732.9,26.0
Oro,23/03/2021,1724.7,1724.7,1724.7,1724.7,1724.7,6.0
Oro,22/03/2021,1737.8,1737.8,1737.8,1737.8,1737.8,51.0
Oro,19/03/2021,1742.2,1742.2,1733.6,1741.4,1741.4,13.0
Oro,18/03/2021,1745.8,1750.3,1721.8,1732.2,1732.2,138.0
Oro,17/03/2021,1735.3,1750.1,1725.6,1726.8,1726.8,488.0
Oro,16/03/2021,1732.3,1733.9,1726.0,1730.6,1730.6,729.0
Oro,15/03/2021,1729.5,1731.9,1722.8,1728.9,1728.9,147.0
Oro,12/03/2021,1715.9,1722.5,1699.0,1719.5,1719.5,80.0
Oro,11/03/2021,1725.6,1737.5,1720.2,1722.3,1722.3,18.0
Oro,10/03/2021,1713.6,1722.9,1711.0,1721.5,1721.5,412.0
Oro,09/03/2021,1686.2,1717.5,1685.2,1716.6,1716.6,335.0
Oro,08/03/2021,1704.7,1705.4,1673.7,1677.7,1677.7,1290.0
Oro,05/03/2021,1690.6,1701.0,1685.0,1698.0,1698.0,302.0
Oro,04/03/2021,1706.5,1717.4,1700.2,1700.2,1700.2,521.0
Oro,03/03/2021,1730.0,1732.4,1703.5,1715.3,1715.3,501.0
Oro,02/03/2021,1709.4,1733.1,1708.7,1733.1,1733.1,867.0
Oro,01/03/2021,1737.1,1747.0,1720.3,1722.5,1722.5,407.0
Oro,26/02/2021,1768.1,1768.2,1718.8,1728.1,1728.1,1593.0
Oro,25/02/2021,1801.5,1802.0,1766.7,1774.4,1774.4,1049.0
Oro,24/02/2021,1805.8,1805.8,1796.4,1796.4,1796.4,1500.0
Oro,23/02/2021,1809.6,1811.3,1796.4,1804.4,1804.4,569.0
Oro,22/02/2021,1784.0,1807.8,1784.0,1806.7,1806.7,165.0
Oro,19/02/2021,1764.3,1787.6,1764.3,1775.8,1775.8,118.0
Oro,18/02/2021,1776.1,1784.6,1766.0,1773.4,1773.4,587.0
Oro,17/02/2021,1785.8,1789.7,1768.8,1771.1,1771.1,614.0
Oro,16/02/2021,1820.9,1823.4,1787.3,1797.2,1797.2,1141.0
Oro,12/02/2021,1825.0,1827.5,1809.2,1821.6,1821.6,259.0
Oro,11/02/2021,1840.5,1845.0,1820.9,1824.9,1824.9,602.0
Oro,10/02/2021,1842.6,1851.1,1837.0,1840.6,1840.6,543.0
Oro,09/02/2021,1841.9,1843.3,1830.7,1835.3,1835.3,184.0
Oro,08/02/2021,1816.3,1836.7,1809.0,1831.9,1831.9,254.0
Oro,05/02/2021,1794.3,1813.5,1790.9,1810.9,1810.9,1278.0
Oro,04/02/2021,1832.2,1832.2,1782.8,1788.9,1788.9,2375.0
Oro,03/02/2021,1834.8,1842.4,1829.8,1832.2,1832.2,1195.0
Oro,02/02/2021,1859.6,1861.3,1827.6,1830.5,1830.5,1293.0
Oro,01/02/2021,1866.6,1871.9,1850.0,1860.8,1860.8,1494.0
Oro,29/01/2021,1842.0,1876.0,1838.7,1847.3,1847.3,1634.0
Oro,28/01/2021,1843.4,1862.9,1831.5,1837.9,1837.9,27283.0
Oro,27/01/2021,1844.9,1844.9,1844.9,1844.9,1844.9,195540.0
Oro,26/01/2021,1855.8,1855.8,1850.7,1850.7,1850.7,59.0
Oro,25/01/2021,1864.7,1864.7,1851.8,1854.9,1854.9,26.0
Oro,22/01/2021,1854.9,1855.7,1852.7,1855.7,1855.7,8.0
Oro,21/01/2021,1865.3,1868.0,1865.3,1865.3,1865.3,6.0
Oro,20/01/2021,1847.8,1866.6,1844.4,1865.9,1865.9,16.0
Oro,19/01/2021,1802.0,1842.9,1802.0,1839.5,1839.5,13.0
Oro,15/01/2021,1829.4,1829.4,1825.0,1829.3,1829.3,31.0
Oro,14/01/2021,1836.7,1850.7,1836.7,1850.3,1850.3,149.0
Oro,13/01/2021,1858.0,1858.6,1853.6,1853.6,1853.6,189.0
Oro,12/01/2021,1849.0,1859.7,1839.4,1842.9,1842.9,176.0
Oro,11/01/2021,1826.5,1849.6,1826.5,1849.6,1849.6,20.0
Oro,08/01/2021,1908.0,1908.0,1834.1,1834.1,1834.1,60.0
Oro,07/01/2021,1922.6,1926.7,1912.0,1912.3,1912.3,122.0
Oro,06/01/2021,1952.0,1959.9,1901.5,1906.9,1906.9,331.0
Oro,05/01/2021,1941.7,1952.7,1941.3,1952.7,1952.7,113.0
Oro,04/01/2021,1912.2,1945.1,1912.2,1944.7,1944.7,154.0
Oro,31/12/2020,1897.0,1901.3,1892.7,1893.1,1893.1,127.0
Oro,30/12/2020,1879.9,1895.8,1877.3,1891.0,1891.0,444.0
Oro,29/12/2020,1881.3,1881.3,1879.7,1879.7,1879.7,343.0
Oro,28/12/2020,1895.5,1895.8,1873.7,1877.2,1877.2,75.0
Oro,24/12/2020,,,,,,
Oro,23/12/2020,1867.0,1878.8,1864.5,1874.7,1874.7,82.0
Oro,22/12/2020,1882.2,1882.2,1861.0,1866.6,1866.6,233.0
Oro,21/12/2020,1884.8,1908.0,1869.1,1879.2,1879.2,136.0
Oro,18/12/2020,1882.4,1889.5,1882.3,1885.7,1885.7,276.0
Oro,17/12/2020,1874.2,1896.2,1874.2,1887.2,1887.2,414.0
Oro,16/12/2020,1856.5,1864.7,1850.5,1856.1,1856.1,1090.0
Oro,15/12/2020,1833.5,1853.6,1833.2,1852.3,1852.3,961.0
Oro,14/12/2020,1835.5,1835.7,1822.7,1828.7,1828.7,258.0
Oro,11/12/2020,1838.5,1846.0,1829.1,1839.8,1839.8,109.0
Oro,10/12/2020,1833.2,1849.1,1828.0,1833.6,1833.6,177.0
Oro,09/12/2020,1867.1,1867.1,1827.0,1834.6,1834.6,215.0
Oro,08/12/2020,1863.0,1875.8,1861.8,1870.8,1870.8,121.0
Oro,07/12/2020,1836.5,1866.9,1820.8,1861.8,1861.8,1427.0
Oro,04/12/2020,1840.7,1847.6,1828.2,1835.9,1835.9,1213.0
Oro,03/12/2020,1829.2,1842.0,1825.3,1836.8,1836.8,1765.0
Oro,02/12/2020,1811.3,1830.0,1807.8,1825.7,1825.7,771.0
Oro,01/12/2020,1775.0,1815.9,1774.9,1814.1,1814.1,1859.0
Oro,30/11/2020,1785.0,1787.2,1762.3,1775.7,1775.7,3145.0
Oro,27/11/2020,,,,,,
Oro,25/11/2020,1801.4,1805.7,1801.4,1805.7,1805.7,205754.0
Oro,24/11/2020,1829.3,1829.3,1799.3,1804.8,1804.8,1041.0
Oro,23/11/2020,1834.8,1837.8,1829.2,1837.8,1837.8,843.0
Oro,20/11/2020,1871.2,1872.6,1871.2,1872.6,1872.6,1900.0
Oro,19/11/2020,1865.8,1865.8,1856.0,1861.1,1861.1,59.0
Oro,18/11/2020,1873.5,1873.5,1873.5,1873.5,1873.5,152.0
Oro,17/11/2020,1888.4,1888.4,1884.5,1884.5,1884.5,59.0
Oro,16/11/2020,1874.6,1887.3,1871.0,1887.3,1887.3,6.0
Plata,12/04/2021,25.3,25.33,25.07,25.24,25.24,11467.0
Plata,09/04/2021,25.31,25.31,25.31,25.31,25.31,121.0
Plata,08/04/2021,25.57,25.57,25.57,25.57,25.57,121.0
Plata,07/04/2021,25.07,25.25,25.07,25.23,25.23,2.0
Plata,06/04/2021,25.05,25.22,25.05,25.21,25.21,3.0
Plata,05/04/2021,24.93,24.93,24.76,24.76,24.76,2.0
Plata,01/04/2021,24.35,24.93,24.35,24.93,24.93,15.0
Plata,31/03/2021,24.32,24.52,24.32,24.52,24.52,49.0
Plata,30/03/2021,24.7,24.7,23.97,24.12,24.12,276.0
Plata,29/03/2021,24.85,24.91,24.51,24.75,24.75,491.0
Plata,26/03/2021,25.18,25.18,25.04,25.09,25.09,130.0
Plata,25/03/2021,25.15,25.15,24.5,25.02,25.02,162.0
Plata,24/03/2021,25.25,25.34,25.19,25.2,25.2,432.0
Plata,23/03/2021,25.61,25.69,25.09,25.2,25.2,191.0
Plata,22/03/2021,25.95,25.95,25.54,25.74,25.74,147.0
Plata,19/03/2021,26.06,26.29,26.06,26.29,26.29,194.0
Plata,18/03/2021,26.43,26.43,25.9,26.32,26.32,81.0
Plata,17/03/2021,25.81,26.53,25.8,26.03,26.03,379.0
Plata,16/03/2021,26.13,26.15,25.92,25.97,25.97,559.0
Plata,15/03/2021,26.2,26.33,25.92,26.25,26.25,148.0
Plata,12/03/2021,26.15,26.2,25.46,25.88,25.88,244.0
Plata,11/03/2021,26.15,26.41,26.04,26.16,26.16,37.0
Plata,10/03/2021,26.01,26.28,25.78,26.1,26.1,85.0
Plata,09/03/2021,25.23,26.15,25.23,26.15,26.15,133.0
Plata,08/03/2021,25.52,25.71,25.0,25.24,25.24,76.0
Plata,05/03/2021,25.34,25.37,24.91,25.26,25.26,339.0
Plata,04/03/2021,26.12,26.33,25.21,25.43,25.43,914.0
Plata,03/03/2021,26.81,26.81,25.93,26.36,26.36,241.0
Plata,02/03/2021,26.39,26.85,25.86,26.85,26.85,703.0
Plata,01/03/2021,26.69,26.99,26.49,26.65,26.65,519.0
Plata,26/02/2021,27.45,27.56,26.18,26.4,26.4,1205.0
Plata,25/02/2021,28.03,28.26,27.3,27.64,27.64,13035.0
Plata,24/02/2021,27.86,27.86,27.86,27.86,27.86,73500.0
Plata,23/02/2021,27.69,27.69,27.69,27.69,27.69,8.0
Plata,22/02/2021,28.08,28.1,28.08,28.08,28.08,248.0
Plata,19/02/2021,27.5,27.55,27.25,27.25,27.25,8.0
Plata,18/02/2021,27.13,27.13,27.08,27.08,27.08,2.0
Plata,17/02/2021,27.31,27.31,27.31,27.31,27.31,125.0
Plata,16/02/2021,27.51,27.51,27.06,27.32,27.32,64.0
Plata,12/02/2021,27.32,27.32,27.32,27.32,27.32,
Plata,11/02/2021,27.17,27.17,26.91,27.04,27.04,3.0
Plata,10/02/2021,27.1,27.1,27.07,27.07,27.07,32.0
Plata,09/02/2021,27.42,27.44,27.29,27.4,27.4,5.0
Plata,08/02/2021,27.28,27.57,27.28,27.57,27.57,6.0
Plata,05/02/2021,26.43,27.01,26.43,27.01,27.01,58.0
Plata,04/02/2021,26.67,26.67,26.0,26.22,26.22,114.0
Plata,03/02/2021,26.94,27.02,26.86,26.88,26.88,143.0
Plata,02/02/2021,28.65,28.93,26.38,26.38,26.38,91.0
Plata,01/02/2021,28.36,30.16,28.3,29.4,29.4,474.0
Plata,29/01/2021,26.64,27.58,26.37,26.9,26.9,32.0
Plata,28/01/2021,25.08,27.01,24.93,25.91,25.91,508.0
Plata,27/01/2021,25.38,25.38,25.38,25.38,25.38,610.0
Plata,26/01/2021,25.53,25.53,25.53,25.53,25.53,92.0
Plata,25/01/2021,25.45,25.45,25.45,25.45,25.45,5.0
Plata,22/01/2021,25.52,25.54,25.52,25.52,25.52,10.0
Plata,21/01/2021,25.82,25.82,25.82,25.82,25.82,
Plata,20/01/2021,25.42,25.73,25.42,25.73,25.73,151.0
Plata,19/01/2021,24.92,25.28,24.92,25.28,25.28,4.0
Plata,15/01/2021,25.43,25.47,24.83,24.83,24.83,88.0
Plata,14/01/2021,25.75,25.75,25.75,25.75,25.75,66.0
Plata,13/01/2021,25.55,25.55,25.5,25.52,25.52,211.0
Plata,12/01/2021,25.14,25.39,25.1,25.38,25.38,90.0
Plata,11/01/2021,25.52,25.52,24.73,25.24,25.24,11.0
Plata,08/01/2021,24.58,25.33,24.58,24.58,24.58,3.0
Plata,07/01/2021,27.2,27.2,27.2,27.2,27.2,3.0
Plata,06/01/2021,27.42,27.42,26.97,26.97,26.97,50.0
Plata,05/01/2021,27.57,27.57,27.57,27.57,27.57,4.0
Plata,04/01/2021,27.28,27.28,27.28,27.28,27.28,52.0
Plata,31/12/2020,26.53,26.54,26.33,26.33,26.33,36.0
Plata,30/12/2020,26.32,26.52,26.26,26.49,26.49,77.0
Plata,29/12/2020,26.25,26.25,26.14,26.14,26.14,191.0
Plata,28/12/2020,26.8,26.82,26.45,26.46,26.46,140.0
Plata,24/12/2020,,,,,,
Plata,23/12/2020,25.56,25.82,25.56,25.82,25.82,68.0
Plata,22/12/2020,26.48,26.67,25.27,25.43,25.43,93.0
Plata,21/12/2020,26.0,26.99,25.41,26.28,26.28,153.0
Plata,18/12/2020,26.12,26.12,25.95,25.95,25.95,105.0
Plata,17/12/2020,25.45,26.18,25.45,26.1,26.1,201.0
Plata,16/12/2020,25.15,25.5,24.82,24.99,24.99,151.0
Plata,15/12/2020,24.08,24.58,24.08,24.58,24.58,42.0
Plata,14/12/2020,24.16,24.16,23.99,23.99,23.99,25.0
Plata,11/12/2020,23.99,24.05,23.95,24.03,24.03,48.0
Plata,10/12/2020,23.94,24.31,23.94,24.03,24.03,23.0
Plata,09/12/2020,24.66,24.66,23.78,23.93,23.93,53.0
Plata,08/12/2020,24.75,24.76,24.63,24.68,24.68,70.0
Plata,07/12/2020,24.24,24.85,23.72,24.74,24.74,239.0
Plata,04/12/2020,24.12,24.5,24.08,24.2,24.2,444.0
Plata,03/12/2020,24.1,24.34,24.0,24.09,24.09,136.0
Plata,02/12/2020,23.92,24.38,23.64,24.02,24.02,303.0
Plata,01/12/2020,22.67,24.09,22.65,24.03,24.03,703.0
Plata,30/11/2020,22.74,22.74,22.0,22.53,22.53,1677.0
Plata,27/11/2020,,,,,,
Plata,25/11/2020,23.36,23.36,23.36,23.36,23.36,57047.0
Plata,24/11/2020,23.33,23.33,23.29,23.29,23.29,2.0
Plata,23/11/2020,23.62,23.62,23.62,23.62,23.62,1.0
Plata,20/11/2020,24.35,24.35,24.35,24.35,24.35,
Plata,19/11/2020,24.03,24.03,24.03,24.03,24.03,
Plata,18/11/2020,24.43,24.43,24.43,24.43,24.43,38.0
Plata,17/11/2020,24.76,24.76,24.64,24.64,24.64,2.0
Plata,16/11/2020,24.79,24.79,24.79,24.79,24.79,
Cobre,12/04/2021,4.046,4.059,3.988,4.0215,4.0215,28538.0
Cobre,09/04/2021,4.0885,4.0885,4.0505,4.0505,4.0505,366.0
Cobre,08/04/2021,4.085,4.1035,4.085,4.1035,4.1035,366.0
Cobre,07/04/2021,4.1175,4.1185,4.055,4.064,4.064,467.0
Cobre,06/04/2021,4.15,4.151,4.0985,4.1265,4.1265,269.0
Cobre,05/04/2021,4.054,4.162,4.054,4.149,4.149,243.0
Cobre,01/04/2021,3.985,4.015,3.985,4.0035,4.0035,815.0
Cobre,31/03/2021,4.006,4.0115,3.989,4.003,4.003,289.0
Cobre,30/03/2021,4.0355,4.0355,3.975,3.983,3.983,1052.0
Cobre,29/03/2021,4.065,4.069,4.02,4.043,4.043,441.0
Cobre,26/03/2021,4.0125,4.0875,4.0125,4.0785,4.0785,714.0
Cobre,25/03/2021,4.0055,4.008,3.95,3.985,3.985,738.0
Cobre,24/03/2021,4.0475,4.109,4.026,4.0715,4.0715,610.0
Cobre,23/03/2021,4.1335,4.1335,4.03,4.088,4.088,625.0
Cobre,22/03/2021,4.0975,4.15,4.0965,4.149,4.149,480.0
Cobre,19/03/2021,4.0565,4.1235,4.053,4.1235,4.1235,834.0
Cobre,18/03/2021,4.155,4.155,4.068,4.117,4.117,760.0
Cobre,17/03/2021,4.068,4.1565,4.066,4.128,4.128,540.0
Cobre,16/03/2021,4.105,4.1125,4.0595,4.079,4.079,634.0
Cobre,15/03/2021,4.17,4.17,4.127,4.1465,4.1465,511.0
Cobre,12/03/2021,4.141,4.1545,4.072,4.1455,4.1455,392.0
Cobre,11/03/2021,4.0465,4.148,4.0345,4.143,4.143,771.0
Cobre,10/03/2021,4.0275,4.0555,4.0075,4.042,4.042,523.0
Cobre,09/03/2021,4.0915,4.1215,3.997,4.0195,4.0195,1055.0
Cobre,08/03/2021,4.1275,4.1615,4.018,4.1035,4.1035,707.0
Cobre,05/03/2021,3.966,4.11,3.928,4.087,4.087,664.0
Cobre,04/03/2021,4.1195,4.1565,3.876,3.991,3.991,1189.0
Cobre,03/03/2021,4.2185,4.2225,4.12,4.153,4.153,902.0
Cobre,02/03/2021,4.115,4.235,4.0595,4.2315,4.2315,1078.0
Cobre,01/03/2021,4.1105,4.1735,4.0995,4.1195,4.1195,1385.0
Cobre,26/02/2021,4.2125,4.251,4.08,4.0945,4.0945,2457.0
Cobre,25/02/2021,4.308,4.363,4.1955,4.266,4.266,17292.0
Cobre,24/02/2021,4.22,4.301,4.22,4.301,4.301,77484.0
Cobre,23/02/2021,4.1875,4.1875,4.1875,4.1875,4.1875,439.0
Cobre,22/02/2021,4.123,4.154,4.123,4.1525,4.1525,616.0
Cobre,19/02/2021,4.09,4.09,4.09,4.09,4.09,437.0
Cobre,18/02/2021,3.9215,3.9265,3.9,3.9165,3.9165,400.0
Cobre,17/02/2021,3.8305,3.836,3.8305,3.836,3.836,493.0
Cobre,16/02/2021,3.8425,3.848,3.8425,3.848,3.848,367.0
Cobre,12/02/2021,3.786,3.8155,3.7685,3.802,3.802,512.0
Cobre,11/02/2021,3.785,3.7905,3.7715,3.7875,3.7875,316.0
Cobre,10/02/2021,3.7665,3.79,3.7665,3.7855,3.7855,290.0
Cobre,09/02/2021,3.708,3.7355,3.693,3.7335,3.7335,303.0
Cobre,08/02/2021,3.6475,3.679,3.646,3.679,3.679,312.0
Cobre,05/02/2021,3.5755,3.6525,3.5755,3.639,3.639,396.0
Cobre,04/02/2021,3.567,3.567,3.5595,3.566,3.566,382.0
Cobre,03/02/2021,3.552,3.5785,3.552,3.5785,3.5785,312.0
Cobre,02/02/2021,3.5265,3.5395,3.5265,3.539,3.539,434.0
Cobre,01/02/2021,3.5665,3.5935,3.5545,3.562,3.562,547.0
Cobre,29/01/2021,3.5815,3.6075,3.5555,3.5735,3.5735,550.0
Cobre,28/01/2021,3.551,3.6035,3.509,3.583,3.583,925.0
Cobre,27/01/2021,3.5715,3.5715,3.5715,3.5715,3.5715,320.0
Cobre,26/01/2021,3.629,3.632,3.6265,3.628,3.628,736.0
Cobre,25/01/2021,3.633,3.6405,3.6115,3.6405,3.6405,852.0
Cobre,22/01/2021,3.575,3.6355,3.5745,3.6355,3.6355,607.0
Cobre,21/01/2021,3.659,3.659,3.644,3.6555,3.6555,770.0
Cobre,20/01/2021,3.639,3.6545,3.639,3.6475,3.6475,601.0
Cobre,19/01/2021,3.62,3.64,3.616,3.636,3.636,711.0
Cobre,15/01/2021,3.629,3.6315,3.5965,3.603,3.603,817.0
Cobre,14/01/2021,3.612,3.668,3.612,3.668,3.668,672.0
Cobre,13/01/2021,3.6355,3.637,3.6115,3.617,3.617,618.0
Cobre,12/01/2021,3.576,3.635,3.576,3.605,3.605,603.0
Cobre,11/01/2021,3.6735,3.6735,3.5585,3.564,3.564,677.0
Cobre,08/01/2021,3.7165,3.72,3.64,3.6735,3.6735,782.0
Cobre,07/01/2021,3.659,3.708,3.643,3.6955,3.6955,655.0
Cobre,06/01/2021,3.6505,3.6905,3.64,3.65,3.65,842.0
Cobre,05/01/2021,3.59,3.6555,3.59,3.6405,3.6405,512.0
Cobre,04/01/2021,3.559,3.6005,3.5455,3.553,3.553,864.0
Cobre,31/12/2020,3.544,3.5455,3.5075,3.514,3.514,1109.0
Cobre,30/12/2020,3.559,3.574,3.54,3.543,3.543,1166.0
Cobre,29/12/2020,3.566,3.566,3.5515,3.553,3.553,856.0
Cobre,28/12/2020,3.5805,3.5895,3.57,3.57,3.57,446.0
Cobre,24/12/2020,,,,,,
Cobre,23/12/2020,3.519,3.552,3.48,3.552,3.552,1462.0
Cobre,22/12/2020,3.576,3.576,3.51,3.518,3.518,638.0
Cobre,21/12/2020,3.597,3.597,3.5555,3.573,3.573,796.0
Cobre,18/12/2020,3.605,3.634,3.6,3.6285,3.6285,345.0
Cobre,17/12/2020,3.576,3.605,3.576,3.597,3.597,497.0
Cobre,16/12/2020,3.5385,3.564,3.536,3.554,3.554,542.0
Cobre,15/12/2020,3.501,3.5425,3.501,3.538,3.538,409.0
Cobre,14/12/2020,3.542,3.542,3.5045,3.522,3.522,565.0
Cobre,11/12/2020,3.5755,3.6085,3.496,3.524,3.524,552.0
Cobre,10/12/2020,3.474,3.5845,3.447,3.5705,3.5705,611.0
Cobre,09/12/2020,3.499,3.521,3.4835,3.508,3.508,590.0
Cobre,08/12/2020,3.5005,3.5005,3.461,3.494,3.494,663.0
Cobre,07/12/2020,3.494,3.5085,3.47,3.5085,3.5085,904.0
Cobre,04/12/2020,3.4725,3.524,3.4725,3.514,3.514,731.0
Cobre,03/12/2020,3.48,3.5055,3.458,3.479,3.479,865.0
Cobre,02/12/2020,3.49,3.494,3.43,3.475,3.475,1735.0
Cobre,01/12/2020,3.4435,3.501,3.432,3.468,3.468,1465.0
Cobre,30/11/2020,3.405,3.4845,3.405,3.4205,3.4205,2921.0
Cobre,27/11/2020,,,,,,
Cobre,25/11/2020,3.294,3.312,3.2925,3.312,3.312,47410.0
Cobre,24/11/2020,3.307,3.307,3.2935,3.3,3.3,424.0
Cobre,23/11/2020,3.2785,3.279,3.2595,3.2595,3.2595,408.0
Cobre,20/11/2020,3.264,3.2935,3.264,3.2935,3.2935,429.0
Cobre,19/11/2020,3.1995,3.213,3.1995,3.2035,3.2035,482.0
Cobre,18/11/2020,3.198,3.198,3.198,3.198,3.198,572.0
Cobre,17/11/2020,3.1965,3.2125,3.1965,3.1965,3.1965,288.0
Cobre,16/11/2020,3.2395,3.24,3.2155,3.22,3.22,302.0
Petróleo Brent,12/04/2021,63.02,63.49,62.41,63.25,63.25,9027.0
Petróleo Brent,09/04/2021,63.29,63.46,62.57,62.95,62.95,32283.0
Petróleo Brent,08/04/2021,62.98,63.42,62.38,63.2,63.2,32283.0
Petróleo Brent,07/04/2021,62.68,63.52,61.6,63.16,63.16,42225.0
Petróleo Brent,06/04/2021,62.3,64.27,62.08,62.74,62.74,44319.0
Petróleo Brent,05/04/2021,64.81,64.81,61.24,62.15,62.15,37285.0
Petróleo Brent,01/04/2021,63.6,63.6,63.6,63.6,63.6,66715.0
Petróleo Brent,31/03/2021,64.48,64.69,63.54,63.54,63.54,257.0
Petróleo Brent,30/03/2021,65.31,65.65,63.64,64.14,64.14,4695.0
Petróleo Brent,29/03/2021,64.04,65.45,63.14,64.98,64.98,18231.0
Petróleo Brent,26/03/2021,61.74,64.88,61.74,64.57,64.57,23364.0
Petróleo Brent,25/03/2021,64.15,64.15,60.98,61.95,61.95,27894.0
Petróleo Brent,24/03/2021,60.35,64.56,60.34,64.41,64.41,36451.0
Petróleo Brent,23/03/2021,64.31,64.34,60.26,60.79,60.79,43200.0
Petróleo Brent,22/03/2021,64.66,65.07,63.45,64.62,64.62,29644.0
Petróleo Brent,19/03/2021,62.83,64.9,62.08,64.53,64.53,54241.0
Petróleo Brent,18/03/2021,67.93,68.15,61.42,63.28,63.28,61688.0
Petróleo Brent,17/03/2021,68.39,68.88,66.96,68.0,68.0,37607.0
Petróleo Brent,16/03/2021,68.86,68.96,67.36,68.39,68.39,27321.0
Petróleo Brent,15/03/2021,69.12,70.02,67.83,68.88,68.88,30212.0
Petróleo Brent,12/03/2021,69.59,69.9,69.03,69.22,69.22,27364.0
Petróleo Brent,11/03/2021,68.26,69.83,68.0,69.63,69.63,30629.0
Petróleo Brent,10/03/2021,67.33,68.43,66.52,67.9,67.9,37089.0
Petróleo Brent,09/03/2021,68.1,69.32,67.14,67.52,67.52,30989.0
Petróleo Brent,08/03/2021,69.9,71.36,67.81,68.24,68.24,37511.0
Petróleo Brent,05/03/2021,67.26,69.69,66.66,69.36,69.36,40754.0
Petróleo Brent,04/03/2021,63.94,67.73,63.36,66.74,66.74,67790.0
Petróleo Brent,03/03/2021,62.47,64.7,62.34,64.07,64.07,35401.0
Petróleo Brent,02/03/2021,63.39,64.13,62.37,62.7,62.7,37996.0
Petróleo Brent,01/03/2021,65.95,65.95,65.95,65.95,65.95,33869.0
Petróleo Brent,26/02/2021,66.71,66.88,65.7,66.13,66.13,191.0
Petróleo Brent,25/02/2021,67.34,67.7,66.49,66.88,66.88,11746.0
Petróleo Brent,24/02/2021,65.23,67.29,64.8,67.04,67.04,27000.0
Petróleo Brent,23/02/2021,65.66,66.79,64.48,65.37,65.37,34643.0
Petróleo Brent,22/02/2021,62.73,65.84,62.59,65.24,65.24,32173.0
Petróleo Brent,19/02/2021,63.65,63.93,62.11,62.91,62.91,54254.0
Petróleo Brent,18/02/2021,64.87,65.49,63.23,63.93,63.93,43309.0
Petróleo Brent,17/02/2021,63.55,64.95,62.75,64.34,64.34,47339.0
Petróleo Brent,16/02/2021,62.77,63.81,62.69,63.35,63.35,65492.0
Petróleo Brent,12/02/2021,60.86,62.83,60.34,62.43,62.43,36933.0
Petróleo Brent,11/02/2021,61.21,61.5,60.73,61.14,61.14,26169.0
Petróleo Brent,10/02/2021,61.23,61.68,60.89,61.47,61.47,28344.0
Petróleo Brent,09/02/2021,60.64,61.27,60.04,61.09,61.09,31230.0
Petróleo Brent,08/02/2021,59.56,60.7,59.55,60.56,60.56,21098.0
Petróleo Brent,05/02/2021,59.1,59.79,59.08,59.34,59.34,23510.0
Petróleo Brent,04/02/2021,58.67,59.05,58.06,58.84,58.84,24732.0
Petróleo Brent,03/02/2021,57.79,58.94,57.53,58.46,58.46,34146.0
Petróleo Brent,02/02/2021,56.29,58.05,56.22,57.46,57.46,34815.0
Petróleo Brent,01/02/2021,55.88,55.88,55.88,55.88,55.88,34234.0
Petróleo Brent,29/01/2021,55.52,56.35,55.43,55.88,55.88,1143.0
Petróleo Brent,28/01/2021,55.67,56.59,55.22,55.53,55.53,6141.0
Petróleo Brent,27/01/2021,56.08,56.48,55.2,55.81,55.81,20094.0
Petróleo Brent,26/01/2021,55.98,56.34,55.4,55.91,55.91,19102.0
Petróleo Brent,25/01/2021,55.2,56.02,55.09,55.88,55.88,24457.0
Petróleo Brent,22/01/2021,56.15,56.17,54.49,55.41,55.41,33071.0
Petróleo Brent,21/01/2021,55.78,56.24,55.51,56.1,56.1,22792.0
Petróleo Brent,20/01/2021,55.9,56.62,55.65,56.08,56.08,33793.0
Petróleo Brent,19/01/2021,54.74,56.08,54.5,55.9,55.9,36910.0
Petróleo Brent,15/01/2021,56.43,56.64,54.65,55.1,55.1,30604.0
Petróleo Brent,14/01/2021,55.94,56.54,55.24,56.42,56.42,33446.0
Petróleo Brent,13/01/2021,56.73,57.42,55.78,56.06,56.06,32953.0
Petróleo Brent,12/01/2021,55.56,56.78,55.53,56.58,56.58,27874.0
Petróleo Brent,11/01/2021,56.21,56.28,54.98,55.66,55.66,33199.0
Petróleo Brent,08/01/2021,54.46,56.3,54.36,55.99,55.99,37597.0
Petróleo Brent,07/01/2021,54.14,54.9,53.94,54.38,54.38,30800.0
Petróleo Brent,06/01/2021,53.59,54.72,53.15,54.3,54.3,49186.0
Petróleo Brent,05/01/2021,50.74,53.88,50.62,53.6,53.6,62791.0
Petróleo Brent,04/01/2021,51.66,53.32,50.58,51.09,51.09,50232.0
Petróleo Brent,31/12/2020,,,,,,
Petróleo Brent,30/12/2020,51.05,51.52,51.05,51.34,51.34,18326.0
Petróleo Brent,29/12/2020,51.06,51.63,50.87,51.09,51.09,5788.0
Petróleo Brent,28/12/2020,51.2,52.02,50.52,50.86,50.86,9704.0
Petróleo Brent,24/12/2020,,,,,,
Petróleo Brent,23/12/2020,49.8,51.59,49.18,51.2,51.2,18879.0
Petróleo Brent,22/12/2020,50.9,50.93,49.56,50.08,50.08,22381.0
Petróleo Brent,21/12/2020,52.31,52.34,49.21,50.91,50.91,33507.0
Petróleo Brent,18/12/2020,51.45,52.47,51.14,52.26,52.26,24749.0
Petróleo Brent,17/12/2020,51.08,51.88,51.01,51.5,51.5,24947.0
Petróleo Brent,16/12/2020,50.72,51.2,50.36,51.08,51.08,25996.0
Petróleo Brent,15/12/2020,50.33,50.88,49.79,50.76,50.76,24071.0
Petróleo Brent,14/12/2020,50.06,50.8,49.18,50.29,50.29,28782.0
Petróleo Brent,11/12/2020,50.34,50.74,49.75,49.97,49.97,25222.0
Petróleo Brent,10/12/2020,48.98,51.07,48.86,50.25,50.25,30919.0
Petróleo Brent,09/12/2020,48.83,49.54,48.38,48.86,48.86,36534.0
Petróleo Brent,08/12/2020,48.68,49.0,48.11,48.84,48.84,27102.0
Petróleo Brent,07/12/2020,49.23,49.43,48.39,48.79,48.79,23896.0
Petróleo Brent,04/12/2020,48.82,49.86,48.77,49.25,49.25,31658.0
Petróleo Brent,03/12/2020,48.08,48.93,47.68,48.71,48.71,36526.0
Petróleo Brent,02/12/2020,47.14,48.75,46.77,48.25,48.25,35514.0
Petróleo Brent,01/12/2020,47.61,47.61,47.61,47.61,47.61,31987.0
Petróleo Brent,30/11/2020,47.75,47.95,46.85,47.59,47.59,524.0
Petróleo Brent,27/11/2020,,,,,,
Petróleo Brent,25/11/2020,47.86,49.05,47.6,48.61,48.61,24897.0
Petróleo Brent,24/11/2020,45.84,48.03,45.84,47.86,47.86,31692.0
Petróleo Brent,23/11/2020,45.13,46.12,44.9,46.06,46.06,35378.0
Petróleo Brent,20/11/2020,44.22,45.19,44.0,44.96,44.96,24489.0
Petróleo Brent,19/11/2020,44.16,44.58,43.79,44.2,44.2,25836.0
Petróleo Brent,18/11/2020,43.78,44.88,43.49,44.34,44.34,28668.0
Petróleo Brent,17/11/2020,43.9,44.23,43.08,43.75,43.75,27858.0
Petróleo Brent,16/11/2020,42.73,44.68,42.64,43.82,43.82,37770.0
Gas Natural,12/04/2021,2.53,2.579,2.53,2.576,2.576,11775.0
Gas Natural,09/04/2021,2.52,2.552,2.503,2.526,2.526,140798.0
Gas Natural,08/04/2021,2.51,2.535,2.478,2.522,2.522,140798.0
Gas Natural,07/04/2021,2.464,2.546,2.458,2.52,2.52,132266.0
Gas Natural,06/04/2021,2.511,2.568,2.453,2.456,2.456,142675.0
Gas Natural,05/04/2021,2.593,2.616,2.488,2.511,2.511,146892.0
Gas Natural,01/04/2021,2.605,2.663,2.578,2.639,2.639,116692.0
Gas Natural,31/03/2021,2.621,2.656,2.575,2.608,2.608,92080.0
Gas Natural,30/03/2021,2.643,2.688,2.597,2.623,2.623,100807.0
Gas Natural,29/03/2021,2.563,2.607,2.53,2.586,2.586,103898.0
Gas Natural,26/03/2021,2.57,2.587,2.546,2.557,2.557,35201.0
Gas Natural,25/03/2021,2.52,2.585,2.485,2.57,2.57,39046.0
Gas Natural,24/03/2021,2.515,2.545,2.503,2.518,2.518,48420.0
Gas Natural,23/03/2021,2.578,2.581,2.502,2.508,2.508,89372.0
Gas Natural,22/03/2021,2.507,2.592,2.478,2.582,2.582,108225.0
Gas Natural,19/03/2021,2.489,2.554,2.456,2.535,2.535,74375.0
Gas Natural,18/03/2021,2.523,2.526,2.422,2.481,2.481,143768.0
Gas Natural,17/03/2021,2.562,2.565,2.489,2.528,2.528,91676.0
Gas Natural,16/03/2021,2.494,2.566,2.479,2.562,2.562,99293.0
Gas Natural,15/03/2021,2.558,2.561,2.478,2.484,2.484,136038.0
Gas Natural,12/03/2021,2.669,2.693,2.584,2.6,2.6,104726.0
Gas Natural,11/03/2021,2.689,2.714,2.636,2.668,2.668,119770.0
Gas Natural,10/03/2021,2.653,2.707,2.615,2.692,2.692,93180.0
Gas Natural,09/03/2021,2.662,2.69,2.624,2.662,2.662,96803.0
Gas Natural,08/03/2021,2.691,2.734,2.623,2.664,2.664,130867.0
Gas Natural,05/03/2021,2.743,2.755,2.681,2.701,2.701,116201.0
Gas Natural,04/03/2021,2.803,2.826,2.684,2.746,2.746,138699.0
Gas Natural,03/03/2021,2.848,2.887,2.801,2.816,2.816,93789.0
Gas Natural,02/03/2021,2.783,2.857,2.757,2.839,2.839,109635.0
Gas Natural,01/03/2021,2.8,2.809,2.724,2.777,2.777,75971.0
Gas Natural,26/02/2021,2.77,2.786,2.697,2.771,2.771,132989.0
Gas Natural,25/02/2021,2.806,2.855,2.761,2.777,2.777,123990.0
Gas Natural,24/02/2021,2.878,2.886,2.822,2.854,2.854,113572.0
Gas Natural,23/02/2021,2.949,2.964,2.854,2.879,2.879,45697.0
Gas Natural,22/02/2021,3.01,3.03,2.889,2.953,2.953,39814.0
Gas Natural,19/02/2021,3.067,3.148,2.991,3.069,3.069,67064.0
Gas Natural,18/02/2021,3.267,3.298,3.041,3.082,3.082,171654.0
Gas Natural,17/02/2021,3.098,3.316,3.049,3.219,3.219,218620.0
Gas Natural,16/02/2021,3.046,3.214,2.976,3.129,3.129,288942.0
Gas Natural,12/02/2021,2.87,2.987,2.834,2.912,2.912,190054.0
Gas Natural,11/02/2021,2.975,3.045,2.839,2.868,2.868,261922.0
Gas Natural,10/02/2021,2.819,2.982,2.741,2.911,2.911,266986.0
Gas Natural,09/02/2021,2.883,2.927,2.788,2.835,2.835,196927.0
Gas Natural,08/02/2021,2.909,2.985,2.844,2.882,2.882,194660.0
Gas Natural,05/02/2021,2.957,3.057,2.851,2.863,2.863,270029.0
Gas Natural,04/02/2021,2.776,2.977,2.734,2.935,2.935,186926.0
Gas Natural,03/02/2021,2.827,2.894,2.748,2.789,2.789,158484.0
Gas Natural,02/02/2021,2.829,3.005,2.811,2.845,2.845,236392.0
Gas Natural,01/02/2021,2.73,2.868,2.712,2.85,2.85,243658.0
Gas Natural,29/01/2021,2.68,2.71,2.554,2.564,2.564,133177.0
Gas Natural,28/01/2021,2.675,2.701,2.591,2.664,2.664,159820.0
Gas Natural,27/01/2021,2.65,2.773,2.65,2.76,2.76,153190.0
Gas Natural,26/01/2021,2.603,2.686,2.595,2.656,2.656,32233.0
Gas Natural,25/01/2021,2.542,2.619,2.504,2.602,2.602,42988.0
Gas Natural,22/01/2021,2.492,2.504,2.414,2.446,2.446,63833.0
Gas Natural,21/01/2021,2.532,2.551,2.458,2.491,2.491,100319.0
Gas Natural,20/01/2021,2.544,2.567,2.454,2.539,2.539,133437.0
Gas Natural,19/01/2021,2.652,2.673,2.523,2.546,2.546,211313.0
Gas Natural,15/01/2021,2.672,2.8,2.636,2.737,2.737,150994.0
Gas Natural,14/01/2021,2.742,2.791,2.66,2.666,2.666,163043.0
Gas Natural,13/01/2021,2.737,2.826,2.708,2.727,2.727,169240.0
Gas Natural,12/01/2021,2.794,2.899,2.718,2.753,2.753,201432.0
Gas Natural,11/01/2021,2.6,2.811,2.589,2.747,2.747,177248.0
Gas Natural,08/01/2021,2.675,2.73,2.626,2.7,2.7,148730.0
Gas Natural,07/01/2021,2.722,2.755,2.663,2.729,2.729,135480.0
Gas Natural,06/01/2021,2.688,2.77,2.606,2.716,2.716,144690.0
Gas Natural,05/01/2021,2.599,2.732,2.591,2.702,2.702,149828.0
Gas Natural,04/01/2021,2.626,2.67,2.566,2.581,2.581,128377.0
Gas Natural,31/12/2020,2.433,2.547,2.429,2.539,2.539,111108.0
Gas Natural,30/12/2020,2.444,2.473,2.387,2.422,2.422,81788.0
Gas Natural,29/12/2020,2.34,2.489,2.282,2.467,2.467,143530.0
Gas Natural,28/12/2020,2.311,2.343,2.238,2.305,2.305,49279.0
Gas Natural,24/12/2020,,,,,,
Gas Natural,23/12/2020,2.768,2.793,2.566,2.608,2.608,98707.0
Gas Natural,22/12/2020,2.703,2.806,2.69,2.78,2.78,112742.0
Gas Natural,21/12/2020,2.73,2.73,2.632,2.705,2.705,104274.0
Gas Natural,18/12/2020,2.658,2.72,2.648,2.7,2.7,121682.0
Gas Natural,17/12/2020,2.685,2.724,2.606,2.636,2.636,154243.0
Gas Natural,16/12/2020,2.666,2.692,2.618,2.677,2.677,128968.0
Gas Natural,15/12/2020,2.669,2.7,2.596,2.682,2.682,137598.0
Gas Natural,14/12/2020,2.658,2.708,2.612,2.682,2.682,142936.0
Gas Natural,11/12/2020,2.568,2.63,2.526,2.591,2.591,177710.0
Gas Natural,10/12/2020,2.43,2.594,2.381,2.553,2.553,215458.0
Gas Natural,09/12/2020,2.454,2.524,2.421,2.442,2.442,185147.0
Gas Natural,08/12/2020,2.431,2.48,2.368,2.399,2.399,177627.0
Gas Natural,07/12/2020,2.456,2.483,2.381,2.406,2.406,236673.0
Gas Natural,04/12/2020,2.511,2.623,2.462,2.575,2.575,142533.0
Gas Natural,03/12/2020,2.76,2.768,2.484,2.507,2.507,269563.0
Gas Natural,02/12/2020,2.881,2.934,2.74,2.78,2.78,142878.0
Gas Natural,01/12/2020,2.934,2.972,2.833,2.88,2.88,137665.0
Gas Natural,30/11/2020,2.831,2.996,2.823,2.882,2.882,146181.0
Gas Natural,27/11/2020,,,,,,
Gas Natural,25/11/2020,2.765,2.914,2.7,2.896,2.896,112015.0
Gas Natural,24/11/2020,2.709,2.78,2.693,2.775,2.775,41700.0
Gas Natural,23/11/2020,2.705,2.728,2.649,2.711,2.711,38777.0
Gas Natural,20/11/2020,2.599,2.679,2.58,2.65,2.65,76190.0
Gas Natural,19/11/2020,2.715,2.744,2.525,2.592,2.592,159959.0
Gas Natural,18/11/2020,2.694,2.783,2.687,2.712,2.712,124471.0
Gas Natural,17/11/2020,2.684,2.732,2.649,2.692,2.692,110709.0
Gas Natural,16/11/2020,2.871,2.887,2.675,2.697,2.697,189362.0
Gasolina,12/04/2021,1.9646,1.9731,1.9435,1.9667,1.9667,2495.0
Gasolina,09/04/2021,1.9598,1.9691,1.94,1.9621,1.9621,61771.0
Gasolina,08/04/2021,1.9487,1.9655,1.9331,1.9593,1.9593,61771.0
Gasolina,07/04/2021,1.9624,1.9833,1.9169,1.9518,1.9518,57709.0
Gasolina,06/04/2021,1.9667,2.0171,1.9599,1.9663,1.9663,58397.0
Gasolina,05/04/2021,2.0214,2.0214,1.9297,1.9611,1.9611,47049.0
Gasolina,01/04/2021,1.9649,2.036,1.955,2.0223,2.0223,72129.0
Gasolina,31/03/2021,2.01,2.01,1.9371,1.9533,1.9533,53660.0
Gasolina,30/03/2021,2.0038,2.0179,1.9575,1.989,1.989,21438.0
Gasolina,29/03/2021,1.9665,2.005,1.9506,1.9952,1.9952,18987.0
Gasolina,26/03/2021,1.9211,1.9813,1.9211,1.9673,1.9673,28332.0
Gasolina,25/03/2021,1.9804,1.9838,1.9028,1.9209,1.9209,25694.0
Gasolina,24/03/2021,1.8771,1.9915,1.876,1.989,1.989,29004.0
Gasolina,23/03/2021,1.959,1.9591,1.8709,1.8964,1.8964,27951.0
Gasolina,22/03/2021,1.9402,1.9742,1.9171,1.9598,1.9598,29277.0
Gasolina,19/03/2021,1.9222,1.9711,1.8973,1.9431,1.9431,39043.0
Gasolina,18/03/2021,2.0479,2.0675,1.8971,1.9441,1.9441,68912.0
Gasolina,17/03/2021,2.0952,2.1038,2.0309,2.0471,2.0471,73090.0
Gasolina,16/03/2021,2.1077,2.1116,2.0761,2.1012,2.1012,43455.0
Gasolina,15/03/2021,2.152,2.17,2.0798,2.1046,2.1046,67545.0
Gasolina,12/03/2021,2.1356,2.1599,2.1267,2.15,2.15,68451.0
Gasolina,11/03/2021,2.0818,2.1455,2.075,2.138,2.138,70454.0
Gasolina,10/03/2021,2.0423,2.088,2.0202,2.0795,2.0795,70958.0
Gasolina,09/03/2021,2.0469,2.0859,2.0338,2.0502,2.0502,54047.0
Gasolina,08/03/2021,2.0826,2.1119,2.0314,2.0487,2.0487,59367.0
Gasolina,05/03/2021,2.0029,2.079,1.9939,2.0647,2.0647,72631.0
Gasolina,04/03/2021,1.941,2.0242,1.9166,1.9979,1.9979,63211.0
Gasolina,03/03/2021,1.9264,1.9711,1.9241,1.9518,1.9518,61734.0
Gasolina,02/03/2021,1.929,1.9651,1.9063,1.9364,1.9364,60757.0
Gasolina,01/03/2021,1.9622,1.989,1.9178,1.9429,1.9429,75686.0
Gasolina,26/02/2021,1.895,1.8979,1.8666,1.877,1.877,72040.0
Gasolina,25/02/2021,1.895,1.904,1.8687,1.8923,1.8923,24196.0
Gasolina,24/02/2021,1.8586,1.9,1.8486,1.8956,1.8956,22835.0
Gasolina,23/02/2021,1.8618,1.8722,1.8121,1.8586,1.8586,36131.0
Gasolina,22/02/2021,1.7873,1.8572,1.7864,1.8417,1.8417,38754.0
Gasolina,19/02/2021,1.7855,1.8384,1.7794,1.8069,1.8069,60515.0
Gasolina,18/02/2021,1.8132,1.8486,1.7721,1.7943,1.7943,52681.0
Gasolina,17/02/2021,1.7753,1.824,1.7599,1.8105,1.8105,49600.0
Gasolina,16/02/2021,1.7023,1.7927,1.702,1.7729,1.7729,115124.0
Gasolina,12/02/2021,1.6446,1.7006,1.631,1.6925,1.6925,73375.0
Gasolina,11/02/2021,1.6406,1.667,1.6335,1.6502,1.6502,72490.0
Gasolina,10/02/2021,1.6698,1.6721,1.6385,1.6534,1.6534,88353.0
Gasolina,09/02/2021,1.6791,1.6924,1.6494,1.6736,1.6736,76151.0
Gasolina,08/02/2021,1.6517,1.68,1.6517,1.6748,1.6748,62219.0
Gasolina,05/02/2021,1.6535,1.6732,1.647,1.6493,1.6493,65844.0
Gasolina,04/02/2021,1.6535,1.6615,1.6244,1.6448,1.6448,49900.0
Gasolina,03/02/2021,1.6421,1.6583,1.6312,1.6486,1.6486,59381.0
Gasolina,02/02/2021,1.5914,1.6414,1.5914,1.616,1.616,58852.0
Gasolina,01/02/2021,1.5527,1.5967,1.541,1.5901,1.5901,66761.0
Gasolina,29/01/2021,1.5806,1.6293,1.5676,1.5725,1.5725,101179.0
Gasolina,28/01/2021,1.5719,1.6119,1.5634,1.5829,1.5829,22911.0
Gasolina,27/01/2021,1.577,1.59,1.5615,1.5771,1.5771,21845.0
Gasolina,26/01/2021,1.5656,1.589,1.5535,1.5807,1.5807,27080.0
Gasolina,25/01/2021,1.5419,1.5725,1.5328,1.5611,1.5611,32186.0
Gasolina,22/01/2021,1.5509,1.5517,1.5074,1.5487,1.5487,45110.0
Gasolina,21/01/2021,1.5349,1.5515,1.5285,1.5479,1.5479,26772.0
Gasolina,20/01/2021,1.5381,1.5635,1.53,1.5439,1.5439,25445.0
Gasolina,19/01/2021,1.5181,1.5489,1.5115,1.5381,1.5381,38424.0
Gasolina,15/01/2021,1.5597,1.5624,1.516,1.5284,1.5284,55210.0
Gasolina,14/01/2021,1.5473,1.5607,1.5183,1.5539,1.5539,55329.0
Gasolina,13/01/2021,1.5584,1.5756,1.5344,1.5488,1.5488,69545.0
Gasolina,12/01/2021,1.5205,1.5613,1.5192,1.553,1.553,65319.0
Gasolina,11/01/2021,1.547,1.5486,1.5098,1.5208,1.5208,56793.0
Gasolina,08/01/2021,1.4866,1.5495,1.4831,1.5423,1.5423,80753.0
Gasolina,07/01/2021,1.4703,1.4879,1.4641,1.4827,1.4827,53441.0
Gasolina,06/01/2021,1.4439,1.4931,1.4404,1.475,1.475,68827.0
Gasolina,05/01/2021,1.366,1.4586,1.3618,1.4521,1.4521,74245.0
Gasolina,04/01/2021,1.4085,1.4516,1.362,1.3729,1.3729,71981.0
Gasolina,31/12/2020,1.4078,1.4238,1.3966,1.4084,1.4084,60206.0
Gasolina,30/12/2020,1.3905,1.4235,1.3888,1.412,1.412,14824.0
Gasolina,29/12/2020,1.3673,1.3951,1.3671,1.3879,1.3879,17158.0
Gasolina,28/12/2020,1.3788,1.3985,1.363,1.3677,1.3677,13944.0
Gasolina,24/12/2020,,,,,,
Gasolina,23/12/2020,1.3395,1.3871,1.3211,1.382,1.382,26998.0
Gasolina,22/12/2020,1.3584,1.3596,1.3217,1.3395,1.3395,30017.0
Gasolina,21/12/2020,1.3971,1.3971,1.3069,1.3604,1.3604,34322.0
Gasolina,18/12/2020,1.3894,1.4018,1.3784,1.3956,1.3956,51512.0
Gasolina,17/12/2020,1.3551,1.3917,1.3539,1.3881,1.3881,62114.0
Gasolina,16/12/2020,1.3239,1.3597,1.3213,1.3529,1.3529,64838.0
Gasolina,15/12/2020,1.3231,1.3346,1.309,1.3268,1.3268,50243.0
Gasolina,14/12/2020,1.3113,1.3285,1.2862,1.3191,1.3191,62999.0
Gasolina,11/12/2020,1.3166,1.3265,1.2981,1.3077,1.3077,61285.0
Gasolina,10/12/2020,1.2826,1.3355,1.2789,1.3166,1.3166,71548.0
Gasolina,09/12/2020,1.258,1.286,1.2495,1.2759,1.2759,76871.0
Gasolina,08/12/2020,1.252,1.2686,1.2384,1.2559,1.2559,59137.0
Gasolina,07/12/2020,1.2645,1.274,1.2438,1.2558,1.2558,58548.0
Gasolina,04/12/2020,1.2625,1.288,1.2588,1.2685,1.2685,54119.0
Gasolina,03/12/2020,1.2376,1.2664,1.2239,1.2617,1.2617,59427.0
Gasolina,02/12/2020,1.2147,1.2553,1.2037,1.2399,1.2399,66860.0
Gasolina,01/12/2020,1.2366,1.2541,1.21,1.2204,1.2204,64211.0
Gasolina,30/11/2020,1.268,1.282,1.2445,1.2489,1.2489,64599.0
Gasolina,27/11/2020,,,,,,
Gasolina,25/11/2020,1.2577,1.296,1.2564,1.2875,1.2875,34852.0
Gasolina,24/11/2020,1.2023,1.2696,1.2012,1.2582,1.2582,29729.0
Gasolina,23/11/2020,1.1785,1.2096,1.1773,1.204,1.204,29540.0
Gasolina,20/11/2020,1.165,1.184,1.1589,1.1752,1.1752,33733.0
Gasolina,19/11/2020,1.1545,1.1701,1.1423,1.1625,1.1625,34314.0
Gasolina,18/11/2020,1.1573,1.1785,1.1482,1.1629,1.1629,37125.0
Gasolina,17/11/2020,1.1509,1.1598,1.1244,1.1532,1.1532,42175.0
Gasolina,16/11/2020,1.125,1.1746,1.1231,1.1468,1.1468,48588.0
Arroz,09/04/2021,1308.00,1314.50,1303.50,1309.00,1309.00,261
Arroz,08/04/2021,1314.00,1315.00,1310.00,1311.00,1311.00,261
Arroz,07/04/2021,1313.00,1317.00,1310.00,1317.00,1317.00,231
Arroz,06/04/2021,1316.00,1316.00,1310.50,1313.00,1313.00,469
Arroz,05/04/2021,1311.00,1320.00,1309.50,1316.00,1316.00,458
Arroz,01/04/2021,1316.00,1324.00,1310.00,1311.50,1311.50,313
Arroz,31/03/2021,1320.00,1327.00,1316.00,1318.00,1318.00,319
Arroz,30/03/2021,1327.00,1330.00,1317.00,1322.00,1322.00,226
Arroz,29/03/2021,1308.50,1330.00,1307.00,1326.50,1326.50,190
Arroz,26/03/2021,1312.50,1319.00,1308.00,1308.50,1308.50,170
Arroz,25/03/2021,1331.00,1338.50,1314.00,1315.00,1315.00,318
Arroz,24/03/2021,1319.00,1345.00,1319.00,1339.50,1339.50,405
Arroz,23/03/2021,1323.00,1326.00,1312.00,1321.00,1321.00,145
Arroz,22/03/2021,1316.00,1323.00,1313.00,1321.50,1321.50,188
Arroz,19/03/2021,1302.50,1315.50,1302.00,1314.50,1314.50,201
Arroz,18/03/2021,1318.00,1320.00,1299.00,1303.00,1303.00,341
Arroz,17/03/2021,1304.50,1321.50,1300.00,1321.50,1321.50,244
Arroz,16/03/2021,1293.50,1308.00,1293.00,1301.00,1301.00,224
Arroz,15/03/2021,1299.00,1301.00,1292.50,1294.00,1294.00,333
Arroz,12/03/2021,1277.50,1277.50,1277.50,1277.50,1277.50,430
Arroz,11/03/2021,1277.00,1277.00,1277.00,1277.00,1277.00,19
Arroz,10/03/2021,1275.50,1275.50,1275.50,1275.50,1275.50,24
Arroz,09/03/2021,1291.50,1291.50,1291.50,1291.50,1291.50,14
Arroz,08/03/2021,1297.00,1297.00,1297.00,1297.00,1297.00,2
Arroz,05/03/2021,1294.50,1294.50,1294.50,1294.50,1294.50,2
Arroz,04/03/2021,1318.50,1321.00,1307.50,1307.50,1307.50,33
Arroz,03/03/2021,1299.50,1318.00,1299.50,1316.50,1316.50,47
Arroz,02/03/2021,1278.50,1305.50,1275.50,1305.50,1305.50,37
Arroz,01/03/2021,1279.50,1280.00,1279.50,1279.50,1279.50,5
Arroz,26/02/2021,1281.00,1282.00,1270.00,1275.00,1275.00,45
Arroz,25/02/2021,1282.50,1291.00,1275.00,1280.50,1280.50,140
Arroz,24/02/2021,1283.50,1294.00,1283.00,1287.00,1287.00,272
Arroz,23/02/2021,1284.50,1290.50,1282.00,1283.50,1283.50,631
Arroz,22/02/2021,1287.50,1291.00,1280.50,1289.00,1289.00,1361
Arroz,19/02/2021,1275.50,1295.50,1268.50,1287.00,1287.00,1503
Arroz,18/02/2021,1269.00,1276.00,1265.00,1273.00,1273.00,960
Arroz,17/02/2021,1271.00,1275.50,1260.50,1274.50,1274.50,673
Arroz,16/02/2021,1281.50,1285.00,1261.50,1271.50,1271.50,1078
Arroz,12/02/2021,1289.00,1291.00,1280.50,1281.00,1281.00,769
Arroz,11/02/2021,1288.00,1291.00,1281.00,1289.00,1289.00,834
Arroz,10/02/2021,1291.00,1297.00,1284.50,1288.00,1288.00,677
Arroz,09/02/2021,1304.50,1304.50,1284.00,1291.50,1291.50,843
Arroz,08/02/2021,1300.00,1310.00,1296.50,1297.00,1297.00,429
Arroz,05/02/2021,1301.50,1302.50,1282.00,1300.00,1300.00,589
Arroz,04/02/2021,1309.00,1309.00,1296.50,1302.50,1302.50,467
Arroz,03/02/2021,1335.00,1341.00,1276.50,1309.00,1309.00,1296
Arroz,02/02/2021,1334.50,1338.00,1331.00,1336.00,1336.00,261
Arroz,01/02/2021,1346.00,1348.50,1333.00,1334.00,1334.00,569
Arroz,29/01/2021,1341.00,1349.00,1337.50,1346.00,1346.00,386
Arroz,28/01/2021,1346.50,1350.00,1335.00,1339.00,1339.00,405
Arroz,27/01/2021,1328.50,1348.00,1327.50,1345.50,1345.50,506
Arroz,26/01/2021,1312.50,1332.50,1312.00,1330.50,1330.50,237
Arroz,25/01/2021,1327.00,1327.00,1305.00,1323.50,1323.50,322
Arroz,22/01/2021,1321.50,1330.00,1318.00,1327.50,1327.50,766
Arroz,21/01/2021,1320.00,1325.00,1316.50,1324.50,1324.50,178
Arroz,20/01/2021,1319.00,1328.00,1308.50,1321.00,1321.00,345
Arroz,19/01/2021,1309.00,1326.50,1308.00,1319.50,1319.50,352
Arroz,15/01/2021,1314.50,1335.50,1307.50,1311.50,1311.50,655
Arroz,14/01/2021,1293.50,1295.00,1289.00,1289.50,1289.50,634
Arroz,13/01/2021,1288.00,1288.00,1288.00,1288.00,1288.00,25
Arroz,12/01/2021,1261.00,1261.00,1261.00,1261.00,1261.00,1
Arroz,11/01/2021,1245.50,1247.50,1234.00,1234.00,1234.00,15
Arroz,08/01/2021,1241.50,1241.50,1241.50,1241.50,1241.50,19
Arroz,07/01/2021,1245.00,1245.00,1245.00,1245.00,1245.00,2
Arroz,06/01/2021,1242.00,1242.00,1242.00,1242.00,1242.00,201
Arroz,05/01/2021,1235.50,1235.50,1235.50,1235.50,1235.50,7
Arroz,04/01/2021,1265.00,1265.00,1245.00,1245.00,1245.00,16
Arroz,31/12/2020,1224.00,1240.00,1224.00,1240.00,1240.00,116
Arroz,30/12/2020,1222.50,1239.00,1215.00,1220.50,1220.50,71
Arroz,29/12/2020,1200.00,1224.00,1200.00,1220.50,1220.50,145
Arroz,28/12/2020,1232.00,1232.00,1199.00,1199.50,1199.50,1398
Arroz,24/12/2020,,,,,,
Arroz,23/12/2020,1239.00,1244.50,1234.00,1239.00,1239.00,598
Arroz,22/12/2020,1235.50,1243.50,1232.50,1236.50,1236.50,431
Arroz,21/12/2020,1260.00,1260.00,1236.00,1236.00,1236.00,645
Arroz,18/12/2020,1258.00,1264.00,1252.50,1258.00,1258.00,751
Arroz,17/12/2020,1231.00,1262.00,1231.00,1258.50,1258.50,1472
Arroz,16/12/2020,1231.50,1237.00,1230.50,1234.00,1234.00,1285
Arroz,15/12/2020,1237.00,1237.00,1227.00,1233.00,1233.00,1129
Arroz,14/12/2020,1245.00,1250.00,1237.00,1241.50,1241.50,1040
Arroz,11/12/2020,1240.00,1248.50,1240.00,1247.00,1247.00,458
Arroz,10/12/2020,1237.50,1252.00,1234.00,1240.00,1240.00,608
Arroz,09/12/2020,1231.00,1237.50,1230.00,1236.50,1236.50,338
Arroz,08/12/2020,1232.00,1237.00,1225.00,1233.00,1233.00,787
Arroz,07/12/2020,1222.50,1235.00,1220.50,1231.00,1231.00,723
Arroz,04/12/2020,1231.50,1231.50,1222.50,1222.50,1222.50,631
Arroz,03/12/2020,1241.00,1241.50,1230.50,1232.50,1232.50,480
Arroz,02/12/2020,1246.00,1253.00,1241.50,1245.00,1245.00,297
Arroz,01/12/2020,1252.50,1261.00,1247.50,1253.00,1253.00,750
Arroz,30/11/2020,1267.50,1270.00,1241.00,1255.50,1255.50,720
Arroz,27/11/2020,,,,,,
Arroz,25/11/2020,1240.50,1256.00,1240.00,1244.50,1244.50,206
Arroz,24/11/2020,1242.50,1246.50,1235.50,1239.00,1239.00,189
Arroz,23/11/2020,1245.50,1245.50,1215.00,1244.00,1244.00,359
Arroz,20/11/2020,1241.50,1247.00,1239.00,1246.50,1246.50,205
Arroz,19/11/2020,1244.50,1245.00,1239.00,1244.00,1244.00,162
Arroz,18/11/2020,1230.00,1245.00,1230.00,1245.00,1245.00,551
Arroz,17/11/2020,1230.00,1237.00,1224.00,1233.00,1233.00,285
Arroz,16/11/2020,1229.00,1242.00,1224.00,1228.00,1228.00,266
Arroz,13/11/2020,1205.00,1205.00,1205.00,1205.00,1205.00,163
Platino,09/04/2021,1207.30,1207.30,1207.30,1207.30,1207.30,24
Platino,08/04/2021,1236.50,1236.80,1230.30,1233.30,1233.30,24
Platino,07/04/2021,1245.90,1246.00,1228.70,1229.30,1229.30,83
Platino,06/04/2021,1211.00,1240.10,1211.00,1237.80,1237.80,24
Platino,05/04/2021,1212.80,1222.90,1206.70,1207.00,1207.00,13
Platino,01/04/2021,1188.40,1211.80,1185.00,1206.20,1206.20,71
Platino,31/03/2021,,,,,,
Platino,30/03/2021,,,,,,
Platino,29/03/2021,1181.30,1181.30,1181.30,1181.30,1181.30,108
Platino,26/03/2021,1177.50,1177.50,1177.50,1177.50,1177.50,4
Platino,25/03/2021,1153.70,1153.70,1153.70,1153.70,1153.70,4
Platino,24/03/2021,1179.60,1179.60,1179.60,1179.60,1179.60,4
Platino,23/03/2021,1176.50,1176.50,1170.50,1173.80,1173.80,4
Platino,22/03/2021,1182.80,1182.80,1182.80,1182.80,1182.80,18
Platino,19/03/2021,1198.90,1198.90,1198.90,1198.90,1198.90,50
Platino,18/03/2021,1216.20,1216.20,1216.20,1216.20,1216.20,50
Platino,17/03/2021,1198.10,1198.10,1198.10,1198.10,1198.10,
Platino,16/03/2021,1217.90,1217.90,1217.10,1217.90,1217.90,50
Platino,15/03/2021,1208.30,1208.30,1208.30,1208.30,1208.30,271
Platino,12/03/2021,1199.10,1204.20,1199.10,1199.10,1199.10,2
Platino,11/03/2021,1201.10,1201.10,1201.10,1201.10,1201.10,
Platino,10/03/2021,1188.00,1200.60,1188.00,1200.60,1200.60,2
Platino,09/03/2021,1174.20,1174.20,1174.20,1174.20,1174.20,81
Platino,08/03/2021,1151.10,1151.10,1151.10,1151.10,1151.10,81
Platino,05/03/2021,1127.10,1127.10,1127.10,1127.10,1127.10,81
Platino,04/03/2021,1134.20,1134.20,1134.20,1134.20,1134.20,81
Platino,03/03/2021,1180.40,1180.40,1180.40,1180.40,1180.40,81
Platino,02/03/2021,1212.70,1212.70,1212.70,1212.70,1212.70,64
Platino,01/03/2021,1189.60,1189.60,1189.60,1189.60,1189.60,64
Platino,26/02/2021,,,,,,
Platino,25/02/2021,,,,,,
Platino,24/02/2021,1255.60,1255.60,1255.60,1255.60,1255.60,3
Platino,23/02/2021,1237.40,1237.40,1237.40,1237.40,1237.40,3
Platino,22/02/2021,1280.00,1280.00,1280.00,1280.00,1280.00,3
Platino,19/02/2021,1290.60,1290.60,1290.60,1290.60,1290.60,3
Platino,18/02/2021,1272.40,1272.40,1272.40,1272.40,1272.40,3
Platino,17/02/2021,1255.30,1255.30,1255.30,1255.30,1255.30,3
Platino,16/02/2021,1277.00,1277.00,1277.00,1277.00,1277.00,3
Platino,12/02/2021,1256.40,1256.40,1256.40,1256.40,1256.40,3
Platino,11/02/2021,1250.70,1250.70,1244.40,1244.40,1244.40,3
Platino,10/02/2021,1244.20,1244.20,1244.20,1244.20,1244.20,450
Platino,09/02/2021,1191.40,1191.40,1191.40,1191.40,1191.40,450
Platino,08/02/2021,1172.40,1172.40,1172.40,1172.40,1172.40,
Platino,05/02/2021,1130.30,1130.30,1130.30,1130.30,1130.30,
Platino,04/02/2021,1100.10,1100.10,1100.10,1100.10,1100.10,
Platino,03/02/2021,1111.60,1111.60,1111.60,1111.60,1111.60,50
Platino,02/02/2021,1092.70,1092.70,1092.70,1092.70,1092.70,
Platino,01/02/2021,1092.90,1135.50,1092.90,1135.50,1135.50,4
Platino,29/01/2021,,,,,,
Platino,28/01/2021,,,,,,
Platino,27/01/2021,1075.50,1075.50,1075.50,1075.50,1075.50,
Platino,26/01/2021,1103.80,1103.80,1103.80,1103.80,1103.80,1
Platino,25/01/2021,1107.00,1113.30,1101.20,1101.20,1101.20,12
Platino,22/01/2021,1127.20,1127.20,1108.20,1108.20,1108.20,1
Platino,21/01/2021,1124.20,1128.50,1124.20,1124.20,1124.20,2
Platino,20/01/2021,1112.90,1113.20,1112.00,1112.80,1112.80,6
Platino,19/01/2021,1083.00,1088.40,1083.00,1088.40,1088.40,11
Platino,15/01/2021,1115.60,1116.10,1078.90,1085.70,1085.70,26
Platino,14/01/2021,1121.60,1121.60,1121.60,1121.60,1121.60,
Platino,13/01/2021,1105.90,1105.90,1105.90,1105.90,1105.90,12
Platino,12/01/2021,1063.60,1067.70,1049.40,1062.90,1062.90,5
Platino,11/01/2021,1044.80,1045.60,1039.60,1039.60,1039.60,17
Platino,08/01/2021,1109.00,1117.00,1065.70,1065.70,1065.70,53
Platino,07/01/2021,1098.60,1125.30,1094.00,1119.70,1119.70,101
Platino,06/01/2021,1108.00,1115.00,1098.00,1105.70,1105.70,385
Platino,05/01/2021,1074.80,1115.30,1066.20,1114.70,1114.70,225
Platino,04/01/2021,1085.40,1117.50,1052.30,1066.00,1066.00,293
Platino,31/12/2020,1069.80,1082.80,1069.80,1075.40,1075.40,161
Platino,30/12/2020,1058.50,1075.20,1053.80,1072.60,1072.60,1186
Platino,29/12/2020,1055.70,1055.70,1055.70,1055.70,1055.70,4985
Platino,28/12/2020,1042.20,1042.20,1042.20,1042.20,1042.20,2
Platino,24/12/2020,,,,,,
Platino,23/12/2020,1016.20,1016.20,1016.20,1016.20,1016.20,2
Platino,22/12/2020,1008.50,1008.50,1008.50,1008.50,1008.50,2
Platino,21/12/2020,1015.00,1015.00,1015.00,1015.00,1015.00,2
Platino,18/12/2020,1040.40,1041.90,1040.40,1041.90,1041.90,2
Platino,17/12/2020,1048.90,1048.90,1048.90,1048.90,1048.90,22
Platino,16/12/2020,1034.20,1034.20,1034.20,1034.20,1034.20,22
Platino,15/12/2020,1038.10,1038.10,1038.10,1038.10,1038.10,22
Platino,14/12/2020,1014.40,1014.40,1014.40,1014.40,1014.40,22
Platino,11/12/2020,1020.60,1020.60,1020.60,1020.60,1020.60,22
Platino,10/12/2020,1026.20,1026.20,1026.20,1026.20,1026.20,22
Platino,09/12/2020,1016.90,1016.90,1016.90,1016.90,1016.90,22
Platino,08/12/2020,1035.00,1035.00,1035.00,1035.00,1035.00,59
Platino,07/12/2020,1047.20,1047.20,1047.20,1047.20,1047.20,69
Platino,04/12/2020,1071.20,1071.20,1071.20,1071.20,1071.20,1
Platino,03/12/2020,1037.00,1037.00,1037.00,1037.00,1037.00,1
Platino,02/12/2020,1010.40,1010.40,1010.40,1010.40,1010.40,
Platino,01/12/2020,1002.20,1002.20,1002.20,1002.20,1002.20,30
Platino,30/11/2020,964.10,964.10,964.10,964.10,964.10,
Platino,27/11/2020,,,,,,
Platino,25/11/2020,967.30,967.30,967.30,967.30,967.30,5
Platino,24/11/2020,955.70,955.70,955.70,955.70,955.70,112
Platino,23/11/2020,929.10,929.10,929.10,929.10,929.10,112
Platino,20/11/2020,954.10,954.10,954.10,954.10,954.10,112
Platino,19/11/2020,948.20,948.20,948.20,948.20,948.20,112
Platino,18/11/2020,946.70,946.70,946.70,946.70,946.70,135
Platino,17/11/2020,934.60,934.60,934.60,934.60,934.60,2
Platino,16/11/2020,925.00,925.00,925.00,925.00,925.00,2
Platino,13/11/2020,893.40,893.40,893.40,893.40,893.40,2
