name,date,open,max,min,close,adjclose,volume
Arroz,31/03/2021,12.880,13.000,12.880,12.945,12.945,319
Arroz,30/03/2021,1327.000,1330.000,1317.000,1322.000,1322.000,190
Arroz,29/03/2021,1308.500,1330.000,1307.000,1326.500,1326.500,190
Arroz,26/03/2021,1312.500,1319.000,1308.000,1308.500,1308.500,170
Arroz,25/03/2021,1331.000,1338.500,1314.000,1315.000,1315.000,318
Arroz,24/03/2021,1319.000,1345.000,1319.000,1339.500,1339.500,405
Arroz,23/03/2021,1323.000,1326.000,1312.000,1321.000,1321.000,145
Arroz,22/03/2021,1316.000,1323.000,1313.000,1321.500,1321.500,188
Arroz,19/03/2021,1302.500,1315.500,1302.000,1314.500,1314.500,201
Arroz,18/03/2021,1318.000,1320.000,1299.000,1303.000,1303.000,341
Arroz,17/03/2021,1304.500,1321.500,1300.000,1321.500,1321.500,244
Arroz,16/03/2021,1293.500,1308.000,1293.000,1301.000,1301.000,224
Arroz,15/03/2021,1299.000,1301.000,1292.500,1294.000,1294.000,333
Arroz,12/03/2021,1277.500,1277.500,1277.500,1277.500,1277.500,430
Arroz,11/03/2021,1277.000,1277.000,1277.000,1277.000,1277.000,19
Arroz,10/03/2021,1275.500,1275.500,1275.500,1275.500,1275.500,24
Arroz,09/03/2021,1291.500,1291.500,1291.500,1291.500,1291.500,14
Arroz,08/03/2021,1297.000,1297.000,1297.000,1297.000,1297.000,2
Arroz,05/03/2021,1294.500,1294.500,1294.500,1294.500,1294.500,2
Arroz,04/03/2021,1318.500,1321.000,1307.500,1307.500,1307.500,33
Arroz,03/03/2021,1299.500,1318.000,1299.500,1316.500,1316.500,47
Arroz,02/03/2021,1278.500,1305.500,1275.500,1305.500,1305.500,37
Arroz,01/03/2021,1279.500,1280.000,1279.500,1279.500,1279.500,5
Arroz,26/02/2021,1281.000,1282.000,1270.000,1275.000,1275.000,45
Arroz,25/02/2021,1282.500,1291.000,1275.000,1280.500,1280.500,140
Arroz,24/02/2021,1283.500,1294.000,1283.000,1287.000,1287.000,272
Arroz,23/02/2021,1284.500,1290.500,1282.000,1283.500,1283.500,631
Arroz,22/02/2021,1287.500,1291.000,1280.500,1289.000,1289.000,1361
Arroz,19/02/2021,1275.500,1295.500,1268.500,1287.000,1287.000,1503
Arroz,18/02/2021,1269.000,1276.000,1265.000,1273.000,1273.000,960
Arroz,17/02/2021,1271.000,1275.500,1260.500,1274.500,1274.500,673
Arroz,16/02/2021,1281.500,1285.000,1261.500,1271.500,1271.500,1078
Arroz,12/02/2021,1289.000,1291.000,1280.500,1281.000,1281.000,769
Arroz,11/02/2021,1288.000,1291.000,1281.000,1289.000,1289.000,834
Arroz,10/02/2021,1291.000,1297.000,1284.500,1288.000,1288.000,677
Arroz,09/02/2021,1304.500,1304.500,1284.000,1291.500,1291.500,843
Arroz,08/02/2021,1300.000,1310.000,1296.500,1297.000,1297.000,429
Arroz,05/02/2021,1301.500,1302.500,1282.000,1300.000,1300.000,589
Arroz,04/02/2021,1309.000,1309.000,1296.500,1302.500,1302.500,467
Arroz,03/02/2021,1335.000,1341.000,1276.500,1309.000,1309.000,1296
Arroz,02/02/2021,1334.500,1338.000,1331.000,1336.000,1336.000,261
Arroz,01/02/2021,1346.000,1348.500,1333.000,1334.000,1334.000,569
Arroz,29/01/2021,1341.000,1349.000,1337.500,1346.000,1346.000,386
Arroz,28/01/2021,1346.500,1350.000,1335.000,1339.000,1339.000,405
Arroz,27/01/2021,1328.500,1348.000,1327.500,1345.500,1345.500,506
Arroz,26/01/2021,1312.500,1332.500,1312.000,1330.500,1330.500,237
Arroz,25/01/2021,1327.000,1327.000,1305.000,1323.500,1323.500,322
Arroz,22/01/2021,1321.500,1330.000,1318.000,1327.500,1327.500,766
Arroz,21/01/2021,1320.000,1325.000,1316.500,1324.500,1324.500,178
Arroz,20/01/2021,1319.000,1328.000,1308.500,1321.000,1321.000,345
Arroz,19/01/2021,1309.000,1326.500,1308.000,1319.500,1319.500,352
Arroz,15/01/2021,1314.500,1335.500,1307.500,1311.500,1311.500,655
Arroz,14/01/2021,1293.500,1295.000,1289.000,1289.500,1289.500,634
Arroz,13/01/2021,1288.000,1288.000,1288.000,1288.000,1288.000,25
Arroz,12/01/2021,1261.000,1261.000,1261.000,1261.000,1261.000,1
Arroz,11/01/2021,1245.500,1247.500,1234.000,1234.000,1234.000,15
Arroz,08/01/2021,1241.500,1241.500,1241.500,1241.500,1241.500,19
Arroz,07/01/2021,1245.000,1245.000,1245.000,1245.000,1245.000,2
Arroz,06/01/2021,1242.000,1242.000,1242.000,1242.000,1242.000,201
Arroz,05/01/2021,1235.500,1235.500,1235.500,1235.500,1235.500,7
Arroz,04/01/2021,1265.000,1265.000,1245.000,1245.000,1245.000,16
Arroz,31/12/2020,1224.000,1240.000,1224.000,1240.000,1240.000,116
Arroz,30/12/2020,1222.500,1239.000,1215.000,1220.500,1220.500,71
Arroz,29/12/2020,1200.000,1224.000,1200.000,1220.500,1220.500,145
Arroz,28/12/2020,1232.000,1232.000,1199.000,1199.500,1199.500,1398
Arroz,24/12/2020,,,,,,
Arroz,23/12/2020,1239.000,1244.500,1234.000,1239.000,1239.000,598
Arroz,22/12/2020,1235.500,1243.500,1232.500,1236.500,1236.500,431
Arroz,21/12/2020,1260.000,1260.000,1236.000,1236.000,1236.000,645
Arroz,18/12/2020,1258.000,1264.000,1252.500,1258.000,1258.000,751
Arroz,17/12/2020,1231.000,1262.000,1231.000,1258.500,1258.500,1472
Arroz,16/12/2020,1231.500,1237.000,1230.500,1234.000,1234.000,1285
Arroz,15/12/2020,1237.000,1237.000,1227.000,1233.000,1233.000,1129
Arroz,14/12/2020,1245.000,1250.000,1237.000,1241.500,1241.500,1040
Arroz,11/12/2020,1240.000,1248.500,1240.000,1247.000,1247.000,458
Arroz,10/12/2020,1237.500,1252.000,1234.000,1240.000,1240.000,608
Arroz,09/12/2020,1231.000,1237.500,1230.000,1236.500,1236.500,338
Arroz,08/12/2020,1232.000,1237.000,1225.000,1233.000,1233.000,787
Arroz,07/12/2020,1222.500,1235.000,1220.500,1231.000,1231.000,723
Arroz,04/12/2020,1231.500,1231.500,1222.500,1222.500,1222.500,631
Arroz,03/12/2020,1241.000,1241.500,1230.500,1232.500,1232.500,480
Arroz,02/12/2020,1246.000,1253.000,1241.500,1245.000,1245.000,297
Arroz,01/12/2020,1252.500,1261.000,1247.500,1253.000,1253.000,750
Arroz,30/11/2020,1267.500,1270.000,1241.000,1255.500,1255.500,720
Arroz,27/11/2020,,,,,,
Arroz,25/11/2020,1240.500,1256.000,1240.000,1244.500,1244.500,206
Arroz,24/11/2020,1242.500,1246.500,1235.500,1239.000,1239.000,189
Arroz,23/11/2020,1245.500,1245.500,1215.000,1244.000,1244.000,359
Arroz,20/11/2020,1241.500,1247.000,1239.000,1246.500,1246.500,205
Arroz,19/11/2020,1244.500,1245.000,1239.000,1244.000,1244.000,162
Arroz,18/11/2020,1230.000,1245.000,1230.000,1245.000,1245.000,551
Arroz,17/11/2020,1230.000,1237.000,1224.000,1233.000,1233.000,285
Arroz,16/11/2020,1229.000,1242.000,1224.000,1228.000,1228.000,266
Arroz,13/11/2020,1205.000,1205.000,1205.000,1205.000,1205.000,163
Arroz,12/11/2020,1205.000,1205.000,1205.000,1205.000,1205.000,1
Arroz,11/11/2020,1223.000,1223.000,1223.000,1223.000,1223.000,1
Arroz,10/11/2020,1228.500,1228.500,1228.500,1228.500,1228.500,1
Arroz,09/11/2020,1239.000,1239.000,1239.000,1239.000,1239.000,1
Arroz,06/11/2020,1241.500,1241.500,1241.500,1241.500,1241.500,1
Arroz,05/11/2020,1267.000,1267.000,1267.000,1267.000,1267.000,6
Soja,31/03/2021,1368.75,1436.75,1364.75,1436.75,1436.75,119342
Soja,30/03/2021,1393.00,1394.75,1364.25,1366.75,1366.75,98533
Soja,29/03/2021,1400.50,1402.75,1383.00,1393.00,1393.00,98533
Soja,26/03/2021,1414.00,1419.00,1399.00,1400.50,1400.50,100389
Soja,25/03/2021,1430.75,1431.75,1410.50,1414.25,1414.25,104662
Soja,24/03/2021,1421.75,1433.50,1418.25,1432.75,1432.75,78103
Soja,23/03/2021,1418.75,1435.00,1414.25,1423.25,1423.25,108200
Soja,22/03/2021,1418.75,1423.75,1405.25,1417.50,1417.50,77293
Soja,19/03/2021,1391.00,1418.25,1390.00,1416.25,1416.25,86775
Soja,18/03/2021,1417.25,1419.00,1390.50,1392.25,1392.25,93486
Soja,17/03/2021,1424.00,1425.25,1408.00,1417.75,1417.75,69409
Soja,16/03/2021,1420.00,1425.00,1412.75,1423.25,1423.25,71215
Soja,15/03/2021,1409.25,1423.75,1402.00,1419.50,1419.50,82218
Soja,12/03/2021,1425.00,1425.00,1395.75,1415.75,1415.75,100480
Soja,11/03/2021,1407.75,1421.75,1407.75,1415.50,1415.50,180
Soja,10/03/2021,1441.25,1441.50,1411.25,1411.50,1411.50,340
Soja,09/03/2021,1442.25,1443.50,1430.00,1441.25,1441.25,186
Soja,08/03/2021,1447.00,1453.50,1436.00,1437.75,1437.75,149
Soja,05/03/2021,1414.25,1437.25,1414.25,1434.25,1434.25,171
Soja,04/03/2021,1418.75,1441.00,1409.50,1415.25,1415.25,385
Soja,03/03/2021,1412.00,1417.50,1400.25,1410.75,1410.75,619
Soja,02/03/2021,1395.00,1416.00,1383.50,1414.00,1414.00,680
Soja,01/03/2021,1415.75,1422.00,1392.00,1392.50,1392.50,1258
Soja,26/02/2021,1404.00,1408.25,1380.00,1405.25,1405.25,5701
Soja,25/02/2021,1423.50,1443.00,1391.75,1406.00,1406.00,44673
Soja,24/02/2021,1407.25,1426.50,1406.75,1423.75,1423.75,66143
Soja,23/02/2021,1383.75,1425.00,1380.75,1406.00,1406.00,88637
Soja,22/02/2021,1384.75,1388.50,1371.00,1383.75,1383.75,124120
Soja,19/02/2021,1376.25,1388.75,1366.50,1377.25,1377.25,140822
Soja,18/02/2021,1385.00,1391.25,1370.00,1375.00,1375.00,114634
Soja,17/02/2021,1386.25,1390.00,1376.25,1383.75,1383.75,75855
Soja,16/02/2021,1385.75,1394.00,1373.75,1384.75,1384.75,115890
Soja,12/02/2021,1368.50,1377.25,1362.00,1372.00,1372.00,89711
Soja,11/02/2021,1352.75,1379.75,1337.25,1367.50,1367.50,133481
Soja,10/02/2021,1404.50,1404.75,1352.25,1354.00,1354.00,171264
Soja,09/02/2021,1391.00,1409.50,1377.50,1401.75,1401.75,183992
Soja,08/02/2021,1368.75,1392.50,1364.75,1387.75,1387.75,132805
Soja,05/02/2021,1370.75,1382.75,1365.50,1366.75,1366.75,125252
Soja,04/02/2021,1374.00,1381.50,1364.50,1372.50,1372.50,105595
Soja,03/02/2021,1354.50,1372.50,1342.50,1371.25,1371.25,104412
Soja,02/02/2021,1366.00,1372.00,1341.50,1354.75,1354.75,101229
Soja,01/02/2021,1375.00,1383.00,1349.25,1365.25,1365.25,122610
Soja,29/01/2021,1353.25,1376.75,1335.50,1370.00,1370.00,140139
Soja,28/01/2021,1371.75,1391.25,1345.50,1353.25,1353.25,147312
Soja,27/01/2021,1376.00,1394.75,1364.50,1374.75,1374.75,176959
Soja,26/01/2021,1348.25,1376.50,1333.50,1370.25,1370.25,116570
Soja,25/01/2021,1308.75,1352.25,1298.00,1343.50,1343.50,150390
Soja,22/01/2021,1367.00,1367.00,1305.25,1311.75,1311.75,203991
Soja,21/01/2021,1369.00,1387.00,1365.50,1370.25,1370.25,118977
Soja,20/01/2021,1384.50,1384.50,1352.00,1369.50,1369.50,182300
Soja,19/01/2021,1419.00,1421.25,1383.25,1385.75,1385.75,129335
Soja,15/01/2021,1432.25,1434.50,1413.50,1416.75,1416.75,102084
Soja,14/01/2021,1413.00,1436.50,1413.00,1436.50,1436.50,109224
Soja,13/01/2021,1433.50,1438.25,1410.75,1411.00,1411.00,242
Soja,12/01/2021,1377.25,1430.00,1367.50,1422.00,1422.00,331
Soja,11/01/2021,1381.50,1384.50,1360.00,1374.50,1374.50,365
Soja,08/01/2021,1366.50,1383.75,1366.00,1375.75,1375.75,810
Soja,07/01/2021,1368.00,1368.00,1347.00,1360.50,1360.50,1097
Soja,06/01/2021,1359.75,1376.25,1359.75,1365.25,1365.25,880
Soja,05/01/2021,1319.25,1373.50,1319.25,1350.00,1350.00,1194
Soja,04/01/2021,1324.00,1349.75,1306.25,1316.50,1316.50,2421
Soja,31/12/2020,1302.25,1321.50,1299.25,1315.25,1315.25,3634
Soja,30/12/2020,1295.00,1308.25,1279.75,1303.75,1303.75,24625
Soja,29/12/2020,1253.75,1298.75,1245.00,1295.50,1295.50,43283
Soja,28/12/2020,1273.00,1279.50,1245.00,1255.25,1255.25,56756
Soja,24/12/2020,,,,,,
Soja,23/12/2020,1248.25,1266.75,1240.50,1258.75,1258.75,93382
Soja,22/12/2020,1244.50,1252.25,1236.75,1247.25,1247.25,102551
Soja,21/12/2020,1225.25,1244.00,1213.50,1243.25,1243.25,129147
Soja,18/12/2020,1202.75,1224.75,1201.50,1220.00,1220.00,110919
Soja,17/12/2020,1183.25,1203.00,1179.75,1201.25,1201.25,125030
Soja,16/12/2020,1187.00,1195.00,1181.75,1183.75,1183.75,122886
Soja,15/12/2020,1170.75,1185.75,1162.00,1184.25,1184.25,128713
Soja,14/12/2020,1164.75,1173.00,1161.25,1169.50,1169.50,101997
Soja,11/12/2020,1155.25,1162.75,1151.00,1160.50,1160.50,129424
Soja,10/12/2020,1159.75,1178.00,1150.25,1152.75,1152.75,202110
Soja,09/12/2020,1146.00,1160.75,1145.50,1158.50,1158.50,121502
Soja,08/12/2020,1157.50,1160.25,1142.75,1145.75,1145.75,176569
Soja,07/12/2020,1160.00,1169.00,1149.00,1158.50,1158.50,165902
Soja,04/12/2020,1168.00,1172.50,1157.75,1163.00,1163.00,98159
Soja,03/12/2020,1154.25,1170.75,1152.00,1168.25,1168.25,93899
Soja,02/12/2020,1163.75,1164.00,1142.50,1153.00,1153.00,134260
Soja,01/12/2020,1169.25,1176.00,1161.25,1162.00,1162.00,109296
Soja,30/11/2020,1198.00,1199.00,1168.00,1168.50,1168.50,127702
Soja,27/11/2020,,,,,,
Soja,25/11/2020,1197.50,1198.50,1183.25,1184.00,1184.00,85398
Soja,24/11/2020,1190.75,1194.00,1174.00,1191.25,1191.25,126040
Soja,23/11/2020,1195.50,1200.00,1186.00,1191.50,1191.50,113186
Soja,20/11/2020,1179.00,1196.75,1176.75,1181.00,1181.00,149969
Soja,19/11/2020,1174.00,1181.25,1161.75,1177.50,1177.50,130563
Soja,18/11/2020,1170.25,1189.75,1167.75,1175.75,1175.75,165853
Soja,17/11/2020,1157.00,1178.25,1156.25,1169.75,1169.75,148053
Soja,16/11/2020,1150.25,1155.25,1144.00,1153.50,1153.50,93941
Soja,13/11/2020,1139.50,1145.00,1139.50,1141.50,1141.50,118177
Soja,12/11/2020,1136.25,1140.75,1132.25,1137.00,1137.00,451
Soja,11/11/2020,1137.00,1150.25,1136.00,1143.25,1143.25,489
Soja,10/11/2020,1106.75,1145.25,1102.25,1138.25,1138.25,582
Soja,09/11/2020,1097.75,1113.25,1096.75,1105.00,1105.00,808
Soja,06/11/2020,1101.00,1107.50,1095.75,1098.50,1098.50,1031
Soja,05/11/2020,1080.00,1111.25,1079.50,1101.75,1101.75,2013
Aceite Soja,31/03/2021,50.49,52.96,50.22,52.94,52.94,56326
Aceite Soja,30/03/2021,52.96,53.19,50.46,50.46,50.46,67475
Aceite Soja,29/03/2021,52.44,54.03,52.00,52.96,52.96,67475
Aceite Soja,26/03/2021,54.55,55.45,52.48,52.48,52.48,75527
Aceite Soja,25/03/2021,57.48,57.51,54.98,54.98,54.98,69383
Aceite Soja,24/03/2021,57.00,57.85,56.50,57.48,57.48,46783
Aceite Soja,23/03/2021,57.56,58.25,56.45,57.02,57.02,79749
Aceite Soja,22/03/2021,53.90,56.37,53.26,56.37,56.37,66916
Aceite Soja,19/03/2021,53.21,54.11,52.97,53.87,53.87,53700
Aceite Soja,18/03/2021,54.74,54.81,53.15,53.52,53.52,69256
Aceite Soja,17/03/2021,55.20,55.67,54.27,54.60,54.60,50935
Aceite Soja,16/03/2021,55.17,55.59,54.24,55.09,55.09,55506
Aceite Soja,15/03/2021,55.36,55.75,55.00,55.09,55.09,51501
Aceite Soja,12/03/2021,56.89,56.89,56.89,56.89,56.89,63056
Aceite Soja,11/03/2021,56.08,56.87,56.05,56.46,56.46,24
Aceite Soja,10/03/2021,54.92,55.42,54.50,55.36,55.36,48
Aceite Soja,09/03/2021,54.86,55.15,54.86,55.15,55.15,36
Aceite Soja,08/03/2021,54.22,54.40,53.94,54.06,54.06,76
Aceite Soja,05/03/2021,52.57,53.59,52.57,53.38,53.38,19
Aceite Soja,04/03/2021,52.11,53.25,52.07,52.38,52.38,267
Aceite Soja,03/03/2021,51.53,51.53,50.94,51.35,51.35,207
Aceite Soja,02/03/2021,50.35,51.40,50.35,51.27,51.27,644
Aceite Soja,01/03/2021,51.75,51.75,50.59,50.77,50.77,593
Aceite Soja,26/02/2021,50.70,51.50,50.00,51.34,51.34,2590
Aceite Soja,25/02/2021,51.14,52.13,50.26,50.96,50.96,14712
Aceite Soja,24/02/2021,49.29,51.54,49.02,51.14,51.14,31335
Aceite Soja,23/02/2021,48.00,49.53,47.71,49.26,49.26,35386
Aceite Soja,22/02/2021,47.86,48.09,47.31,47.90,47.90,33837
Aceite Soja,19/02/2021,46.91,47.85,46.56,47.55,47.55,44386
Aceite Soja,18/02/2021,46.84,47.18,46.36,46.91,46.91,48374
Aceite Soja,17/02/2021,47.33,47.64,46.55,46.77,46.77,49951
Aceite Soja,16/02/2021,46.59,47.56,46.58,47.27,47.27,54509
Aceite Soja,12/02/2021,45.63,46.24,45.58,46.04,46.04,40462
Aceite Soja,11/02/2021,45.69,46.28,45.10,45.63,45.63,61875
Aceite Soja,10/02/2021,46.58,46.66,45.51,45.69,45.69,69334
Aceite Soja,09/02/2021,45.67,46.67,45.60,46.52,46.52,75307
Aceite Soja,08/02/2021,44.89,45.77,44.66,45.63,45.63,64596
Aceite Soja,05/02/2021,44.83,45.18,44.54,44.66,44.66,56288
Aceite Soja,04/02/2021,44.48,45.22,44.19,44.94,44.94,45975
Aceite Soja,03/02/2021,44.40,44.57,43.33,44.48,44.48,55332
Aceite Soja,02/02/2021,45.40,45.47,44.23,44.32,44.32,51944
Aceite Soja,01/02/2021,44.75,45.38,44.13,44.97,44.97,58453
Aceite Soja,29/01/2021,44.76,45.58,44.23,44.62,44.62,70627
Aceite Soja,28/01/2021,44.57,45.33,44.01,44.65,44.65,70055
Aceite Soja,27/01/2021,44.07,45.43,44.06,44.52,44.52,66294
Aceite Soja,26/01/2021,43.09,44.23,42.65,43.91,43.91,55178
Aceite Soja,25/01/2021,42.15,43.68,41.92,42.94,42.94,67113
Aceite Soja,22/01/2021,43.30,43.46,42.08,42.27,42.27,66913
Aceite Soja,21/01/2021,42.52,43.53,42.32,43.43,43.43,55114
Aceite Soja,20/01/2021,41.72,42.67,41.03,42.54,42.54,65621
Aceite Soja,19/01/2021,41.99,42.31,41.01,41.70,41.70,67079
Aceite Soja,15/01/2021,43.17,43.32,41.48,41.85,41.85,79728
Aceite Soja,14/01/2021,42.68,43.27,42.68,43.27,43.27,76065
Aceite Soja,13/01/2021,43.62,44.02,42.68,42.68,42.68,199
Aceite Soja,12/01/2021,43.26,43.27,43.01,43.13,43.13,45
Aceite Soja,11/01/2021,43.90,43.97,42.93,43.13,43.13,154
Aceite Soja,08/01/2021,44.60,44.67,43.76,43.76,43.76,212
Aceite Soja,07/01/2021,44.50,44.55,43.65,44.35,44.35,351
Aceite Soja,06/01/2021,44.87,45.27,44.38,44.39,44.39,522
Aceite Soja,05/01/2021,43.30,44.64,43.10,44.36,44.36,550
Aceite Soja,04/01/2021,43.63,44.36,42.50,42.93,42.93,954
Aceite Soja,31/12/2020,42.70,43.55,42.61,43.33,43.33,1091
Aceite Soja,30/12/2020,42.55,42.78,41.97,42.67,42.67,8499
Aceite Soja,29/12/2020,41.72,42.68,41.32,42.48,42.48,13902
Aceite Soja,28/12/2020,42.06,42.06,41.26,41.72,41.72,16601
Aceite Soja,24/12/2020,,,,,,
Aceite Soja,23/12/2020,40.65,41.83,40.43,41.35,41.35,31153
Aceite Soja,22/12/2020,39.96,40.75,39.64,40.55,40.55,39848
Aceite Soja,21/12/2020,40.07,40.21,39.07,39.96,39.96,44330
Aceite Soja,18/12/2020,39.93,40.28,39.69,40.07,40.07,49803
Aceite Soja,17/12/2020,39.05,39.96,38.92,39.93,39.93,65156
Aceite Soja,16/12/2020,39.27,39.35,38.83,39.05,39.05,48889
Aceite Soja,15/12/2020,38.81,39.27,38.27,39.19,39.19,57655
Aceite Soja,14/12/2020,40.10,40.11,40.10,40.11,40.11,47017
Aceite Soja,11/12/2020,39.25,39.79,39.25,39.58,39.58,140
Aceite Soja,10/12/2020,39.33,39.34,38.96,38.96,38.96,20
Aceite Soja,09/12/2020,38.56,38.77,38.40,38.76,38.76,15
Aceite Soja,08/12/2020,38.75,38.75,38.20,38.28,38.28,76
Aceite Soja,07/12/2020,39.19,39.19,38.73,38.87,38.87,128
Aceite Soja,04/12/2020,38.61,39.30,38.60,39.19,39.19,191
Aceite Soja,03/12/2020,37.81,38.72,37.81,38.68,38.68,616
Aceite Soja,02/12/2020,37.40,37.53,36.83,37.47,37.47,1363
Aceite Soja,01/12/2020,38.01,38.33,37.40,37.40,37.40,393
Aceite Soja,30/11/2020,38.91,39.00,37.69,37.88,37.88,1549
Aceite Soja,27/11/2020,,,,,,
Aceite Soja,25/11/2020,38.38,38.68,38.05,38.18,38.18,24728
Aceite Soja,24/11/2020,38.66,38.67,37.59,38.06,38.06,34097
Aceite Soja,23/11/2020,39.16,39.20,38.44,38.55,38.55,38798
Aceite Soja,20/11/2020,38.96,39.32,38.30,38.66,38.66,46479
Aceite Soja,19/11/2020,38.45,38.96,37.99,38.81,38.81,57218
Aceite Soja,18/11/2020,37.53,38.74,37.43,38.46,38.46,57532
Aceite Soja,17/11/2020,37.46,37.93,37.29,37.50,37.50,50121
Aceite Soja,16/11/2020,37.17,37.58,36.77,37.43,37.43,51297
Aceite Soja,13/11/2020,37.00,37.50,36.60,37.13,37.13,49461
Aceite Soja,12/11/2020,37.14,37.24,36.67,37.05,37.05,66013
Aceite Soja,11/11/2020,36.13,37.32,36.07,37.13,37.13,79649
Aceite Soja,10/11/2020,35.56,36.10,35.19,36.06,36.06,90766
Aceite Soja,09/11/2020,35.49,36.15,35.16,35.48,35.48,71066
Aceite Soja,06/11/2020,35.47,35.79,35.09,35.34,35.34,56966
Aceite Soja,05/11/2020,34.40,35.72,34.36,35.47,35.47,72607
Cacao,31/03/2021,2354.00,2373.00,2340.00,2351.00,2351.00,19070
Cacao,30/03/2021,2429.00,2441.00,2336.00,2347.00,2347.00,16433
Cacao,29/03/2021,2444.00,2476.00,2423.00,2436.00,2436.00,16433
Cacao,26/03/2021,2470.00,2474.00,2437.00,2458.00,2458.00,13731
Cacao,25/03/2021,2428.00,2481.00,2423.00,2456.00,2456.00,18620
Cacao,24/03/2021,2445.00,2454.00,2415.00,2435.00,2435.00,17815
Cacao,23/03/2021,2506.00,2511.00,2443.00,2447.00,2447.00,17807
Cacao,22/03/2021,2484.00,2513.00,2466.00,2505.00,2505.00,10611
Cacao,19/03/2021,2542.00,2542.00,2465.00,2493.00,2493.00,18857
Cacao,18/03/2021,2529.00,2559.00,2525.00,2542.00,2542.00,13600
Cacao,17/03/2021,2530.00,2533.00,2505.00,2521.00,2521.00,12332
Cacao,16/03/2021,2595.00,2595.00,1900.00,2512.00,2512.00,14042
Cacao,15/03/2021,2610.00,2610.00,2610.00,2590.00,2590.00,4
Cacao,12/03/2021,2574.00,2574.00,2574.00,2574.00,2574.00,87
Cacao,11/03/2021,2753.00,2753.00,2753.00,2753.00,2753.00,
Cacao,10/03/2021,2727.00,2727.00,2727.00,2733.00,2733.00,28
Cacao,09/03/2021,2713.00,2713.00,2713.00,2713.00,2713.00,
Cacao,08/03/2021,2693.00,2693.00,2693.00,2693.00,2693.00,
Cacao,05/03/2021,2706.00,2706.00,2706.00,2706.00,2706.00,
Cacao,04/03/2021,2639.00,2640.00,2635.00,2785.00,2785.00,22
Cacao,03/03/2021,2754.00,2754.00,2754.00,2754.00,2754.00,
Cacao,02/03/2021,2742.00,2742.00,2742.00,2742.00,2742.00,
Cacao,01/03/2021,2736.00,2736.00,2736.00,2736.00,2736.00,
Cacao,26/02/2021,2701.00,2701.00,2701.00,2701.00,2701.00,
Cacao,25/02/2021,2705.00,2705.00,2705.00,2705.00,2705.00,
Cacao,24/02/2021,2650.00,2650.00,2650.00,2650.00,2650.00,
Cacao,23/02/2021,2596.00,2596.00,2596.00,2596.00,2596.00,97
Cacao,22/02/2021,2582.00,2582.00,2582.00,2582.00,2582.00,
Cacao,19/02/2021,2535.00,2535.00,2535.00,2535.00,2535.00,62
Cacao,18/02/2021,2560.00,2560.00,2558.00,2552.00,2552.00,56
Cacao,17/02/2021,2445.00,2457.00,2445.00,2447.00,2447.00,30
Cacao,16/02/2021,2498.00,2498.00,2498.00,2498.00,2498.00,1
Cacao,12/02/2021,2478.00,2529.00,2471.00,2503.00,2503.00,85
Cacao,11/02/2021,2686.00,2700.00,2423.00,2449.00,2449.00,3442
Cacao,10/02/2021,2600.00,2707.00,2599.00,2677.00,2677.00,10874
Cacao,09/02/2021,2590.00,2629.00,2575.00,2581.00,2581.00,13103
Cacao,08/02/2021,2597.00,2614.00,2555.00,2577.00,2577.00,16741
Cacao,05/02/2021,2539.00,2618.00,2533.00,2587.00,2587.00,24891
Cacao,04/02/2021,2526.00,2565.00,2521.00,2532.00,2532.00,17416
Cacao,03/02/2021,2582.00,2589.00,2520.00,2527.00,2527.00,21335
Cacao,02/02/2021,2548.00,2622.00,2542.00,2599.00,2599.00,35418
Cacao,01/02/2021,2535.00,2569.00,2501.00,2547.00,2547.00,15775
Cacao,29/01/2021,2505.00,2545.00,2500.00,2531.00,2531.00,14566
Cacao,28/01/2021,2491.00,2530.00,2478.00,2510.00,2510.00,15995
Cacao,27/01/2021,2560.00,2597.00,2498.00,2504.00,2504.00,18018
Cacao,26/01/2021,2502.00,2555.00,2489.00,2545.00,2545.00,19921
Cacao,25/01/2021,2518.00,2525.00,2490.00,2508.00,2508.00,18154
Cacao,22/01/2021,2536.00,2537.00,2483.00,2529.00,2529.00,19706
Cacao,21/01/2021,2573.00,2573.00,2537.00,2550.00,2550.00,14201
Cacao,20/01/2021,2599.00,2624.00,2556.00,2569.00,2569.00,20172
Cacao,19/01/2021,2546.00,2605.00,2521.00,2590.00,2590.00,24116
Cacao,15/01/2021,2534.00,2559.00,2512.00,2527.00,2527.00,14749
Cacao,14/01/2021,2494.00,2518.00,2463.00,2500.00,2500.00,16723
Cacao,13/01/2021,2498.00,2538.00,2486.00,2499.00,2499.00,15200
Cacao,12/01/2021,2488.00,2516.00,2479.00,2498.00,2498.00,12939
Cacao,11/01/2021,2499.00,2516.00,2471.00,2480.00,2480.00,14899
Cacao,08/01/2021,2543.00,2564.00,2500.00,2516.00,2516.00,14169
Cacao,07/01/2021,2480.00,2551.00,2468.00,2547.00,2547.00,22080
Cacao,06/01/2021,2514.00,2537.00,2471.00,2486.00,2486.00,16193
Cacao,05/01/2021,2540.00,2542.00,2495.00,2514.00,2514.00,17025
Cacao,04/01/2021,2624.00,2661.00,2542.00,2552.00,2552.00,25426
Cacao,31/12/2020,2611.00,2624.00,2553.00,2603.00,2603.00,11951
Cacao,30/12/2020,2503.00,2607.00,2499.00,2597.00,2597.00,19037
Cacao,29/12/2020,2556.00,2558.00,2495.00,2507.00,2507.00,14669
Cacao,28/12/2020,2599.00,2604.00,2550.00,2560.00,2560.00,5906
Cacao,24/12/2020,,,,,,
Cacao,23/12/2020,2530.00,2575.00,2524.00,2557.00,2557.00,13932
Cacao,22/12/2020,2579.00,2579.00,2504.00,2535.00,2535.00,18740
Cacao,21/12/2020,2475.00,2577.00,2439.00,2555.00,2555.00,25936
Cacao,18/12/2020,2541.00,2554.00,2492.00,2506.00,2506.00,14133
Cacao,17/12/2020,2537.00,2562.00,2511.00,2541.00,2541.00,13736
Cacao,16/12/2020,2556.00,2558.00,2506.00,2517.00,2517.00,14198
Cacao,15/12/2020,2665.00,2665.00,2665.00,2665.00,2665.00,15954
Cacao,14/12/2020,2713.00,2713.00,2713.00,2713.00,2713.00,
Cacao,11/12/2020,2747.00,2747.00,2747.00,2747.00,2747.00,
Cacao,10/12/2020,2692.00,2692.00,2692.00,2692.00,2692.00,1
Cacao,09/12/2020,2674.00,2674.00,2674.00,2674.00,2674.00,
Cacao,08/12/2020,2700.00,2700.00,2684.00,2700.00,2700.00,3
Cacao,07/12/2020,2836.00,2836.00,2836.00,2836.00,2836.00,
Cacao,04/12/2020,2870.00,2870.00,2870.00,2878.00,2878.00,1
Cacao,03/12/2020,2897.00,2897.00,2897.00,2897.00,2897.00,
Cacao,02/12/2020,2907.00,2907.00,2907.00,2907.00,2907.00,
Cacao,01/12/2020,2960.00,2960.00,2960.00,2960.00,2960.00,
Cacao,30/11/2020,3008.00,3008.00,3008.00,3008.00,3008.00,
Cacao,27/11/2020,,,,,,
Cacao,25/11/2020,2993.00,2993.00,2993.00,2993.00,2993.00,8
Cacao,24/11/2020,3054.00,3054.00,3054.00,3054.00,3054.00,
Cacao,23/11/2020,3022.00,3022.00,3022.00,3022.00,3022.00,15
Cacao,20/11/2020,2962.00,2962.00,2962.00,2962.00,2962.00,830
Cacao,19/11/2020,2915.00,2915.00,2915.00,2915.00,2915.00,9
Cacao,18/11/2020,2831.00,2831.00,2831.00,2831.00,2831.00,94
Cacao,17/11/2020,2768.00,2768.00,2768.00,2768.00,2768.00,2603
Cacao,16/11/2020,2439.00,2650.00,2438.00,2653.00,2653.00,49
Cacao,13/11/2020,2318.00,2652.00,2316.00,2365.00,2365.00,7079
Cacao,12/11/2020,2350.00,2350.00,2315.00,2340.00,2340.00,6613
Cacao,11/11/2020,2365.00,2388.00,2344.00,2353.00,2353.00,6895
Cacao,10/11/2020,2398.00,2419.00,2332.00,2339.00,2339.00,10502
Cacao,09/11/2020,2341.00,2424.00,2330.00,2390.00,2390.00,14529
Cacao,06/11/2020,2319.00,2345.00,2305.00,2333.00,2333.00,13788
Cacao,05/11/2020,2289.00,2318.00,2268.00,2312.00,2312.00,13723
Café,31/03/2021,123.00,124.75,120.50,123.95,123.95,30040
Café,30/03/2021,126.55,127.05,122.45,122.60,122.60,14233
Café,29/03/2021,128.35,128.40,126.20,127.05,127.05,14233
Café,26/03/2021,127.10,129.60,127.10,128.50,128.50,16764
Café,25/03/2021,127.00,127.55,125.20,126.60,126.60,19492
Café,24/03/2021,128.20,128.80,126.50,126.50,126.50,19142
Café,23/03/2021,130.10,130.60,127.45,127.60,127.60,15769
Café,22/03/2021,129.00,130.45,126.90,130.10,130.10,17089
Café,19/03/2021,125.45,125.45,125.45,125.45,125.45,19903
Café,18/03/2021,133.70,134.40,128.60,126.40,126.40,9
Café,17/03/2021,132.50,132.50,132.50,132.85,132.85,1
Café,16/03/2021,131.50,131.50,130.00,133.80,133.80,7
Café,15/03/2021,132.60,132.60,130.00,131.45,131.45,2
Café,12/03/2021,132.45,132.45,132.45,132.45,132.45,5
Café,11/03/2021,131.90,131.90,131.90,131.80,131.80,2
Café,10/03/2021,129.15,129.15,128.80,129.35,129.35,2
Café,09/03/2021,129.55,129.55,129.55,128.90,128.90,2
Café,08/03/2021,129.05,129.05,129.05,129.05,129.05,
Café,05/03/2021,131.05,131.05,128.45,128.75,128.75,5
Café,04/03/2021,128.25,128.25,128.25,128.40,128.40,2
Café,03/03/2021,133.75,133.75,130.00,131.15,131.15,21
Café,02/03/2021,136.15,134.65,132.00,133.20,133.20,5
Café,01/03/2021,138.45,138.45,132.60,135.15,135.15,38
Café,26/02/2021,139.00,139.00,138.40,136.85,136.85,44
Café,25/02/2021,136.25,139.30,136.25,139.20,139.20,22
Café,24/02/2021,137.00,137.75,136.95,135.65,135.65,90
Café,23/02/2021,133.25,136.75,132.85,136.85,136.85,79
Café,22/02/2021,127.00,134.10,126.20,133.45,133.45,44
Café,19/02/2021,127.60,127.75,126.70,127.50,127.50,154
Café,18/02/2021,125.90,127.75,125.90,127.60,127.60,285
Café,17/02/2021,125.00,125.90,123.35,125.70,125.70,12953
Café,16/02/2021,121.40,124.90,121.15,124.35,124.35,18374
Café,12/02/2021,120.90,122.35,120.25,121.15,121.15,12307
Café,11/02/2021,121.05,121.75,120.50,121.20,121.20,24065
Café,10/02/2021,122.95,123.55,120.25,121.10,121.10,35873
Café,09/02/2021,124.05,124.30,122.50,122.95,122.95,22917
Café,08/02/2021,124.20,124.80,123.30,124.10,124.10,24446
Café,05/02/2021,124.65,125.85,123.80,124.50,124.50,25376
Café,04/02/2021,124.50,124.70,120.20,124.05,124.05,32468
Café,03/02/2021,123.10,124.85,122.70,123.95,123.95,14367
Café,02/02/2021,125.45,126.10,122.70,123.40,123.40,18532
Café,01/02/2021,122.65,127.30,122.45,125.35,125.35,24530
Café,29/01/2021,124.15,124.70,122.05,122.95,122.95,20127
Café,28/01/2021,125.50,126.90,123.55,124.00,124.00,16576
Café,27/01/2021,124.55,126.15,123.10,125.50,125.50,16060
Café,26/01/2021,123.40,125.90,123.25,124.50,124.50,16225
Café,25/01/2021,123.00,124.95,122.15,123.25,123.25,18318
Café,22/01/2021,125.70,126.30,122.85,124.05,124.05,18266
Café,21/01/2021,125.80,127.30,124.75,126.45,126.45,13904
Café,20/01/2021,126.55,127.05,123.40,125.20,125.20,19721
Café,19/01/2021,126.00,128.75,124.65,127.15,127.15,19435
Café,15/01/2021,127.35,131.75,126.80,128.15,128.15,32465
Café,14/01/2021,125.45,127.90,123.25,127.35,127.35,22080
Café,13/01/2021,121.40,126.00,121.40,125.25,125.25,22176
Café,12/01/2021,121.00,122.70,120.10,121.40,121.40,16090
Café,11/01/2021,122.30,123.20,118.75,121.45,121.45,21759
Café,08/01/2021,120.30,124.05,119.20,123.70,123.70,23796
Café,07/01/2021,121.00,122.75,119.35,121.10,121.10,17994
Café,06/01/2021,125.10,125.55,120.60,120.90,120.90,27249
Café,05/01/2021,125.95,126.55,122.30,125.10,125.10,22165
Café,04/01/2021,128.40,129.40,125.25,126.15,126.15,21809
Café,31/12/2020,125.70,129.00,125.60,128.25,128.25,15536
Café,30/12/2020,125.30,126.75,124.65,125.40,125.40,10915
Café,29/12/2020,123.95,125.90,123.20,125.40,125.40,11047
Café,28/12/2020,125.75,126.50,121.50,123.35,123.35,13623
Café,24/12/2020,,,,,,
Café,23/12/2020,124.05,125.95,123.90,124.55,124.55,10039
Café,22/12/2020,123.90,126.60,122.90,124.20,124.20,15059
Café,21/12/2020,124.25,125.45,120.40,124.30,124.30,19298
Café,18/12/2020,123.70,123.70,123.70,123.70,123.70,17936
Café,17/12/2020,126.30,126.30,125.00,125.05,125.05,4
Café,16/12/2020,126.00,126.00,126.00,125.05,125.05,29
Café,15/12/2020,124.55,124.55,124.55,123.10,123.10,5
Café,14/12/2020,122.50,123.85,122.50,123.55,123.55,3
Café,11/12/2020,119.00,119.00,118.80,119.10,119.10,2
Café,10/12/2020,118.55,118.55,118.55,118.55,118.55,
Café,09/12/2020,115.10,115.10,115.10,114.90,114.90,1
Café,08/12/2020,117.10,117.10,117.10,117.10,117.10,11
Café,07/12/2020,114.75,114.75,114.75,116.95,116.95,2
Café,04/12/2020,116.80,116.80,115.40,115.35,115.35,7
Café,03/12/2020,117.65,117.65,117.65,117.65,117.65,13
Café,02/12/2020,116.00,116.00,116.00,116.85,116.85,36
Café,01/12/2020,120.20,120.20,116.10,115.65,115.65,121
Café,30/11/2020,121.35,121.40,118.90,120.70,120.70,51
Café,27/11/2020,,,,,,
Café,25/11/2020,114.35,115.15,114.05,114.50,114.50,38
Café,24/11/2020,114.50,114.65,113.05,113.15,113.15,19
Café,23/11/2020,116.65,116.65,114.35,114.45,114.45,39
Café,20/11/2020,120.55,121.20,114.50,115.50,115.50,114
Café,19/11/2020,119.80,121.00,118.65,120.65,120.65,203
Café,18/11/2020,116.50,121.10,116.35,119.75,119.75,11870
Café,17/11/2020,115.95,116.65,114.20,116.20,116.20,15948
Café,16/11/2020,109.95,116.20,109.80,115.65,115.65,12893
Café,13/11/2020,110.15,110.55,108.65,109.25,109.25,11221
Café,12/11/2020,109.35,110.70,108.75,110.10,110.10,27567
Café,11/11/2020,108.00,110.55,107.80,109.10,109.10,25497
Café,10/11/2020,106.75,107.65,105.35,107.30,107.30,28673
Café,09/11/2020,107.35,109.35,106.35,106.85,106.85,26289
Café,06/11/2020,106.55,108.00,105.95,106.95,106.95,18754
Café,05/11/2020,103.90,106.80,103.55,105.95,105.95,29467
Algodón,31/03/2021,80.70,81.40,78.60,80.75,80.75,20609
Algodón,30/03/2021,80.48,81.20,79.82,80.64,80.64,11472
Algodón,29/03/2021,80.74,80.85,79.93,80.49,80.49,11472
Algodón,26/03/2021,78.24,81.13,77.12,80.38,80.38,22031
Algodón,25/03/2021,82.40,82.81,78.44,78.44,78.44,30348
Algodón,24/03/2021,83.53,83.71,81.91,82.44,82.44,15536
Algodón,23/03/2021,84.59,84.87,83.35,83.53,83.53,10225
Algodón,22/03/2021,84.95,85.16,84.17,84.62,84.62,7589
Algodón,19/03/2021,85.74,85.78,83.65,84.68,84.68,14630
Algodón,18/03/2021,86.62,87.38,85.35,85.45,85.45,10122
Algodón,17/03/2021,86.92,87.54,86.22,86.51,86.51,7624
Algodón,16/03/2021,86.65,87.53,86.12,86.92,86.92,9440
Algodón,15/03/2021,87.87,87.87,85.58,86.72,86.72,11766
Algodón,12/03/2021,88.35,88.49,85.95,87.56,87.56,13022
Algodón,11/03/2021,85.22,88.56,85.01,88.35,88.35,17086
Algodón,10/03/2021,84.32,86.59,82.87,85.22,85.22,23348
Algodón,09/03/2021,82.77,82.77,82.77,82.77,82.77,23885
Algodón,08/03/2021,86.77,86.77,86.77,86.77,86.77,
Algodón,05/03/2021,86.21,86.21,86.21,86.21,86.21,
Algodón,04/03/2021,85.59,85.59,85.59,85.59,85.59,
Algodón,03/03/2021,86.90,86.90,86.90,86.90,86.90,
Algodón,02/03/2021,89.70,89.70,89.70,89.44,89.44,1
Algodón,01/03/2021,88.48,88.48,88.48,90.26,90.26,10
Algodón,26/02/2021,87.88,87.88,87.81,87.82,87.82,11
Algodón,25/02/2021,91.89,92.95,89.44,88.24,88.24,98
Algodón,24/02/2021,92.33,92.33,92.33,92.33,92.33,
Algodón,23/02/2021,91.38,91.48,90.50,91.37,91.37,21
Algodón,22/02/2021,89.00,90.77,89.00,90.91,90.91,173
Algodón,19/02/2021,88.75,89.36,88.07,88.95,88.95,2668
Algodón,18/02/2021,88.36,89.23,88.00,88.73,88.73,5404
Algodón,17/02/2021,88.01,88.49,87.58,88.36,88.36,6122
Algodón,16/02/2021,87.30,88.90,87.30,88.12,88.12,8347
Algodón,12/02/2021,86.16,87.33,85.35,87.27,87.27,11909
Algodón,11/02/2021,84.50,86.77,84.50,86.41,86.41,17956
Algodón,10/02/2021,86.50,86.75,84.41,84.67,84.67,27045
Algodón,09/02/2021,84.40,87.13,84.40,86.93,86.93,27854
Algodón,08/02/2021,83.00,84.76,82.73,84.28,84.28,25257
Algodón,05/02/2021,84.25,84.89,82.59,82.74,82.74,33611
Algodón,04/02/2021,81.00,84.82,80.84,84.28,84.28,38431
Algodón,03/02/2021,80.69,81.14,80.45,80.99,80.99,16385
Algodón,02/02/2021,80.24,81.01,79.80,80.69,80.69,17987
Algodón,01/02/2021,80.68,81.60,79.81,80.03,80.03,20150
Algodón,29/01/2021,79.98,80.85,79.75,80.64,80.64,14622
Algodón,28/01/2021,80.85,81.40,79.85,79.93,79.93,20641
Algodón,27/01/2021,81.72,82.43,80.68,80.84,80.84,17426
Algodón,26/01/2021,82.30,82.32,81.11,81.71,81.71,22579
Algodón,25/01/2021,81.56,82.47,81.50,82.33,82.33,14813
Algodón,22/01/2021,82.52,82.56,81.50,81.56,81.56,22431
Algodón,21/01/2021,81.59,83.06,81.40,82.57,82.57,17535
Algodón,20/01/2021,81.00,81.75,80.60,81.59,81.59,15919
Algodón,19/01/2021,80.88,81.85,80.75,81.15,81.15,16481
Algodón,15/01/2021,81.12,81.43,80.60,80.70,80.70,13109
Algodón,14/01/2021,80.92,81.52,80.25,81.15,81.15,12643
Algodón,13/01/2021,81.70,82.08,80.76,80.92,80.92,18709
Algodón,12/01/2021,80.45,81.77,79.86,81.70,81.70,22764
Algodón,11/01/2021,80.00,80.50,78.65,80.43,80.43,20161
Algodón,08/01/2021,79.76,80.39,79.55,79.77,79.77,12252
Algodón,07/01/2021,79.99,80.70,79.65,79.76,79.76,14656
Algodón,06/01/2021,80.41,80.93,79.92,80.06,80.06,17483
Algodón,05/01/2021,78.97,80.72,78.97,80.35,80.35,20742
Algodón,04/01/2021,78.25,79.90,78.25,78.97,78.97,22289
Algodón,31/12/2020,77.97,78.39,77.48,78.12,78.12,8154
Algodón,30/12/2020,77.00,78.06,76.90,77.97,77.97,13031
Algodón,29/12/2020,76.70,77.25,76.36,77.01,77.01,9514
Algodón,28/12/2020,76.40,76.67,76.15,76.35,76.35,5770
Algodón,24/12/2020,,,,,,
Algodón,23/12/2020,74.80,76.40,74.40,76.14,76.14,12873
Algodón,22/12/2020,74.76,75.22,74.28,74.82,74.82,14575
Algodón,21/12/2020,77.20,77.30,74.60,74.76,74.76,24705
Algodón,18/12/2020,77.19,77.41,76.85,77.16,77.16,14192
Algodón,17/12/2020,75.65,77.41,75.51,77.19,77.19,19056
Algodón,16/12/2020,75.53,76.07,75.34,75.65,75.65,12246
Algodón,15/12/2020,74.67,75.68,74.55,75.59,75.59,15183
Algodón,14/12/2020,74.20,75.20,74.20,74.67,74.67,14720
Algodón,11/12/2020,74.25,74.75,74.00,74.08,74.08,14101
Algodón,10/12/2020,73.05,74.60,72.73,74.26,74.26,23699
Algodón,09/12/2020,72.00,73.22,71.86,73.05,73.05,14697
Algodón,08/12/2020,70.18,70.18,70.18,70.18,70.18,9012
Algodón,07/12/2020,70.63,70.63,70.63,70.63,70.63,
Algodón,04/12/2020,69.45,69.55,69.45,69.86,69.86,10
Algodón,03/12/2020,69.85,69.85,69.25,69.42,69.42,3
Algodón,02/12/2020,70.16,70.16,69.65,69.99,69.99,73
Algodón,01/12/2020,71.19,71.21,69.98,70.59,70.59,14
Algodón,30/11/2020,70.75,70.75,69.56,70.59,70.59,6
Algodón,27/11/2020,,,,,,
Algodón,25/11/2020,71.02,71.02,70.90,70.80,70.80,74
Algodón,24/11/2020,72.00,72.00,70.87,71.53,71.53,93
Algodón,23/11/2020,71.74,72.70,71.51,72.15,72.15,133
Algodón,20/11/2020,69.32,71.25,69.32,70.88,70.88,3146
Algodón,19/11/2020,69.50,69.90,69.15,69.32,69.32,5281
Algodón,18/11/2020,68.96,69.76,68.92,69.68,69.68,6416
Algodón,17/11/2020,69.57,69.88,68.85,69.11,69.11,9651
Algodón,16/11/2020,68.40,70.00,68.40,69.57,69.57,14210
Algodón,13/11/2020,68.45,68.77,68.22,68.46,68.46,17211
Algodón,12/11/2020,69.36,69.42,68.37,68.48,68.48,25217
Algodón,11/11/2020,69.94,70.38,69.25,69.28,69.28,22323
Algodón,10/11/2020,70.00,70.16,69.11,69.85,69.85,32464
Algodón,09/11/2020,68.66,70.44,68.62,70.00,70.00,30760
Algodón,06/11/2020,70.00,70.27,68.55,68.62,68.62,28448
Algodón,05/11/2020,70.29,70.94,69.86,70.07,70.07,17450
Azúcar,31/03/2021,14.94,15.03,14.67,14.74,14.74,69820
Azúcar,30/03/2021,15.00,15.14,14.87,14.92,14.92,60213
Azúcar,29/03/2021,15.13,15.16,14.84,14.92,14.92,60213
Azúcar,26/03/2021,15.12,15.29,15.09,15.19,15.19,34647
Azúcar,25/03/2021,15.54,15.63,15.01,15.09,15.09,61562
Azúcar,24/03/2021,15.40,15.67,15.28,15.63,15.63,31695
Azúcar,23/03/2021,15.52,15.54,15.05,15.43,15.43,76780
Azúcar,22/03/2021,15.76,15.86,15.51,15.53,15.53,40297
Azúcar,19/03/2021,15.81,15.89,15.55,15.76,15.76,59634
Azúcar,18/03/2021,16.05,16.10,15.81,15.89,15.89,35362
Azúcar,17/03/2021,16.23,16.28,15.94,15.99,15.99,47232
Azúcar,16/03/2021,16.20,16.55,16.07,16.30,16.30,45659
Azúcar,15/03/2021,16.20,16.28,15.91,16.12,16.12,55356
Azúcar,12/03/2021,16.29,16.30,16.07,16.13,16.13,38015
Azúcar,11/03/2021,16.06,16.41,16.00,16.36,16.36,55021
Azúcar,10/03/2021,15.95,16.13,15.91,15.96,15.96,42067
Azúcar,09/03/2021,16.13,16.16,15.85,15.90,15.90,63229
Azúcar,08/03/2021,16.50,16.54,16.15,16.20,16.20,39685
Azúcar,05/03/2021,16.26,16.56,16.08,16.40,16.40,41175
Azúcar,04/03/2021,16.13,16.41,15.96,16.26,16.26,48258
Azúcar,03/03/2021,16.50,16.53,16.07,16.14,16.14,42400
Azúcar,02/03/2021,16.20,16.53,16.02,16.43,16.43,59166
Azúcar,01/03/2021,16.55,16.70,16.17,16.21,16.21,58118
Azúcar,26/02/2021,17.78,17.78,17.32,17.53,17.53,60938
Azúcar,25/02/2021,18.12,18.38,17.70,17.84,17.84,10616
Azúcar,24/02/2021,18.40,18.50,18.10,18.16,18.16,35604
Azúcar,23/02/2021,18.76,18.94,18.25,18.41,18.41,48482
Azúcar,22/02/2021,17.89,18.89,17.64,18.78,18.78,63661
Azúcar,19/02/2021,17.66,17.96,17.60,17.79,17.79,65037
Azúcar,18/02/2021,17.00,17.54,17.00,17.51,17.51,39294
Azúcar,17/02/2021,16.85,17.09,16.80,16.96,16.96,54607
Azúcar,16/02/2021,16.54,16.77,16.49,16.73,16.73,71365
Azúcar,12/02/2021,16.51,16.59,16.30,16.38,16.38,46924
Azúcar,11/02/2021,16.70,16.82,16.47,16.55,16.55,75570
Azúcar,10/02/2021,16.53,17.05,16.37,16.71,16.71,118086
Azúcar,09/02/2021,16.35,16.58,16.21,16.44,16.44,98808
Azúcar,08/02/2021,16.46,16.61,16.26,16.27,16.27,77087
Azúcar,05/02/2021,16.17,16.52,16.07,16.42,16.42,86154
Azúcar,04/02/2021,16.14,16.16,15.82,16.05,16.05,59469
Azúcar,03/02/2021,16.29,16.38,15.96,16.04,16.04,55991
Azúcar,02/02/2021,16.25,16.48,16.08,16.29,16.29,50943
Azúcar,01/02/2021,15.93,16.27,15.87,16.15,16.15,55863
Azúcar,29/01/2021,15.57,16.03,15.55,15.83,15.83,55784
Azúcar,28/01/2021,15.78,16.00,15.57,15.59,15.59,47856
Azúcar,27/01/2021,15.84,16.19,15.66,15.80,15.80,49889
Azúcar,26/01/2021,15.74,15.86,15.62,15.74,15.74,45122
Azúcar,25/01/2021,15.94,16.10,15.72,15.74,15.74,45720
Azúcar,22/01/2021,15.99,16.04,15.73,15.87,15.87,46066
Azúcar,21/01/2021,16.30,16.38,15.81,16.05,16.05,56998
Azúcar,20/01/2021,16.10,16.56,16.02,16.27,16.27,50379
Azúcar,19/01/2021,16.50,16.70,16.06,16.10,16.10,55683
Azúcar,15/01/2021,16.67,16.71,16.27,16.45,16.45,66493
Azúcar,14/01/2021,15.95,16.75,15.95,16.67,16.67,73484
Azúcar,13/01/2021,15.55,15.98,15.51,15.84,15.84,45426
Azúcar,12/01/2021,15.75,15.94,15.44,15.46,15.46,44578
Azúcar,11/01/2021,15.55,15.75,15.40,15.67,15.67,60803
Azúcar,08/01/2021,15.70,15.87,15.54,15.60,15.60,43315
Azúcar,07/01/2021,16.33,16.33,15.55,15.60,15.60,63171
Azúcar,06/01/2021,16.12,16.32,16.02,16.25,16.25,54111
Azúcar,05/01/2021,15.75,16.15,15.64,16.12,16.12,69658
Azúcar,04/01/2021,15.65,16.13,15.55,15.76,15.76,89030
Azúcar,31/12/2020,15.28,15.53,15.16,15.49,15.49,40651
Azúcar,30/12/2020,15.07,15.45,14.98,15.28,15.28,43017
Azúcar,29/12/2020,15.03,15.07,14.85,15.04,15.04,28854
Azúcar,28/12/2020,14.93,15.13,14.83,14.98,14.98,21611
Azúcar,24/12/2020,,,,,,
Azúcar,23/12/2020,14.59,14.90,14.56,14.83,14.83,50732
Azúcar,22/12/2020,14.55,14.64,14.40,14.54,14.54,24319
Azúcar,21/12/2020,14.36,14.63,14.28,14.53,14.53,33771
Azúcar,18/12/2020,14.68,14.76,14.39,14.44,14.44,32680
Azúcar,17/12/2020,14.49,14.72,14.45,14.68,14.68,36633
Azúcar,16/12/2020,14.28,14.54,14.24,14.49,14.49,40351
Azúcar,15/12/2020,14.15,14.32,14.09,14.21,14.21,37497
Azúcar,14/12/2020,14.43,14.45,14.09,14.12,14.12,51744
Azúcar,11/12/2020,14.66,14.70,14.38,14.43,14.43,47666
Azúcar,10/12/2020,14.92,15.07,14.60,14.66,14.66,40630
Azúcar,09/12/2020,14.45,14.99,14.41,14.97,14.97,63150
Azúcar,08/12/2020,14.46,14.53,14.34,14.39,14.39,26516
Azúcar,07/12/2020,14.40,14.66,14.30,14.45,14.45,35682
Azúcar,04/12/2020,14.75,14.77,14.39,14.44,14.44,37281
Azúcar,03/12/2020,14.62,14.89,14.58,14.71,14.71,37185
Azúcar,02/12/2020,14.63,14.74,14.33,14.60,14.60,54769
Azúcar,01/12/2020,14.55,14.85,14.40,14.51,14.51,65514
Azúcar,30/11/2020,14.82,14.91,14.41,14.51,14.51,56056
Azúcar,27/11/2020,,,,,,
Azúcar,25/11/2020,15.06,15.15,14.66,14.77,14.77,51587
Azúcar,24/11/2020,15.08,15.13,14.92,15.04,15.04,33930
Azúcar,23/11/2020,15.30,15.49,15.08,15.15,15.15,31163
Azúcar,20/11/2020,15.31,15.40,14.87,15.21,15.21,53154
Azúcar,19/11/2020,15.45,15.52,15.22,15.28,15.28,32738
Azúcar,18/11/2020,15.32,15.56,15.31,15.45,15.45,32857
Azúcar,17/11/2020,15.46,15.66,15.22,15.31,15.31,48208
Azúcar,16/11/2020,14.96,15.58,14.96,15.47,15.47,64744
Azúcar,13/11/2020,14.86,15.08,14.79,14.96,14.96,39595
Azúcar,12/11/2020,14.51,15.00,14.50,14.92,14.92,68150
Azúcar,11/11/2020,14.66,14.68,14.42,14.49,14.49,47175
Azúcar,10/11/2020,14.88,14.92,14.53,14.68,14.68,50302
Azúcar,09/11/2020,14.97,15.05,14.58,14.88,14.88,58556
Azúcar,06/11/2020,14.38,15.00,14.27,14.91,14.91,64861
Azúcar,05/11/2020,14.70,14.83,14.38,14.48,14.48,42195
Oro,31/03/2021,1709.00,1707.40,1706.40,1708.70,1708.70,1579
Oro,30/03/2021,1711.00,1712.60,1676.50,1683.90,1683.90,135457
Oro,29/03/2021,1712.10,1712.10,1712.10,1712.10,1712.10,135457
Oro,26/03/2021,1721.30,1732.20,1721.30,1732.20,1732.20,33
Oro,25/03/2021,1732.70,1733.20,1724.50,1724.90,1724.90,15
Oro,24/03/2021,1727.50,1732.90,1727.50,1732.90,1732.90,26
Oro,23/03/2021,1724.70,1724.70,1724.70,1724.70,1724.70,6
Oro,22/03/2021,1737.80,1737.80,1737.80,1737.80,1737.80,51
Oro,19/03/2021,1742.20,1742.20,1733.60,1741.40,1741.40,13
Oro,18/03/2021,1745.80,1750.30,1721.80,1732.20,1732.20,138
Oro,17/03/2021,1735.30,1750.10,1725.60,1726.80,1726.80,488
Oro,16/03/2021,1732.30,1733.90,1726.00,1730.60,1730.60,729
Oro,15/03/2021,1729.50,1731.90,1722.80,1728.90,1728.90,147
Oro,12/03/2021,1715.90,1722.50,1699.00,1719.50,1719.50,80
Oro,11/03/2021,1725.60,1737.50,1720.20,1722.30,1722.30,18
Oro,10/03/2021,1713.60,1722.90,1711.00,1721.50,1721.50,412
Oro,09/03/2021,1686.20,1717.50,1685.20,1716.60,1716.60,335
Oro,08/03/2021,1704.70,1705.40,1673.70,1677.70,1677.70,1290
Oro,05/03/2021,1690.60,1701.00,1685.00,1698.00,1698.00,302
Oro,04/03/2021,1706.50,1717.40,1700.20,1700.20,1700.20,521
Oro,03/03/2021,1730.00,1732.40,1703.50,1715.30,1715.30,501
Oro,02/03/2021,1709.40,1733.10,1708.70,1733.10,1733.10,867
Oro,01/03/2021,1737.10,1747.00,1720.30,1722.50,1722.50,407
Oro,26/02/2021,1768.10,1768.20,1718.80,1728.10,1728.10,1593
Oro,25/02/2021,1801.50,1802.00,1766.70,1774.40,1774.40,1049
Oro,24/02/2021,1805.80,1805.80,1796.40,1796.40,1796.40,1500
Oro,23/02/2021,1809.60,1811.30,1796.40,1804.40,1804.40,569
Oro,22/02/2021,1784.00,1807.80,1784.00,1806.70,1806.70,165
Oro,19/02/2021,1764.30,1787.60,1764.30,1775.80,1775.80,118
Oro,18/02/2021,1776.10,1784.60,1766.00,1773.40,1773.40,587
Oro,17/02/2021,1785.80,1789.70,1768.80,1771.10,1771.10,614
Oro,16/02/2021,1820.90,1823.40,1787.30,1797.20,1797.20,1141
Oro,12/02/2021,1825.00,1827.50,1809.20,1821.60,1821.60,259
Oro,11/02/2021,1840.50,1845.00,1820.90,1824.90,1824.90,602
Oro,10/02/2021,1842.60,1851.10,1837.00,1840.60,1840.60,543
Oro,09/02/2021,1841.90,1843.30,1830.70,1835.30,1835.30,184
Oro,08/02/2021,1816.30,1836.70,1809.00,1831.90,1831.90,254
Oro,05/02/2021,1794.30,1813.50,1790.90,1810.90,1810.90,1278
Oro,04/02/2021,1832.20,1832.20,1782.80,1788.90,1788.90,2375
Oro,03/02/2021,1834.80,1842.40,1829.80,1832.20,1832.20,1195
Oro,02/02/2021,1859.60,1861.30,1827.60,1830.50,1830.50,1293
Oro,01/02/2021,1866.60,1871.90,1850.00,1860.80,1860.80,1494
Oro,29/01/2021,1842.00,1876.00,1838.70,1847.30,1847.30,1634
Oro,28/01/2021,1843.40,1862.90,1831.50,1837.90,1837.90,27283
Oro,27/01/2021,1844.90,1844.90,1844.90,1844.90,1844.90,195540
Oro,26/01/2021,1855.80,1855.80,1850.70,1850.70,1850.70,59
Oro,25/01/2021,1864.70,1864.70,1851.80,1854.90,1854.90,26
Oro,22/01/2021,1854.90,1855.70,1852.70,1855.70,1855.70,8
Oro,21/01/2021,1865.30,1868.00,1865.30,1865.30,1865.30,6
Oro,20/01/2021,1847.80,1866.60,1844.40,1865.90,1865.90,16
Oro,19/01/2021,1802.00,1842.90,1802.00,1839.50,1839.50,13
Oro,15/01/2021,1829.40,1829.40,1825.00,1829.30,1829.30,31
Oro,14/01/2021,1836.70,1850.70,1836.70,1850.30,1850.30,149
Oro,13/01/2021,1858.00,1858.60,1853.60,1853.60,1853.60,189
Oro,12/01/2021,1849.00,1859.70,1839.40,1842.90,1842.90,176
Oro,11/01/2021,1826.50,1849.60,1826.50,1849.60,1849.60,20
Oro,08/01/2021,1908.00,1908.00,1834.10,1834.10,1834.10,60
Oro,07/01/2021,1922.60,1926.70,1912.00,1912.30,1912.30,122
Oro,06/01/2021,1952.00,1959.90,1901.50,1906.90,1906.90,331
Oro,05/01/2021,1941.70,1952.70,1941.30,1952.70,1952.70,113
Oro,04/01/2021,1912.20,1945.10,1912.20,1944.70,1944.70,154
Oro,31/12/2020,1897.00,1901.30,1892.70,1893.10,1893.10,127
Oro,30/12/2020,1879.90,1895.80,1877.30,1891.00,1891.00,444
Oro,29/12/2020,1881.30,1881.30,1879.70,1879.70,1879.70,343
Oro,28/12/2020,1895.50,1895.80,1873.70,1877.20,1877.20,75
Oro,24/12/2020,,,,,,
Oro,23/12/2020,1867.00,1878.80,1864.50,1874.70,1874.70,82
Oro,22/12/2020,1882.20,1882.20,1861.00,1866.60,1866.60,233
Oro,21/12/2020,1884.80,1908.00,1869.10,1879.20,1879.20,136
Oro,18/12/2020,1882.40,1889.50,1882.30,1885.70,1885.70,276
Oro,17/12/2020,1874.20,1896.20,1874.20,1887.20,1887.20,414
Oro,16/12/2020,1856.50,1864.70,1850.50,1856.10,1856.10,1090
Oro,15/12/2020,1833.50,1853.60,1833.20,1852.30,1852.30,961
Oro,14/12/2020,1835.50,1835.70,1822.70,1828.70,1828.70,258
Oro,11/12/2020,1838.50,1846.00,1829.10,1839.80,1839.80,109
Oro,10/12/2020,1833.20,1849.10,1828.00,1833.60,1833.60,177
Oro,09/12/2020,1867.10,1867.10,1827.00,1834.60,1834.60,215
Oro,08/12/2020,1863.00,1875.80,1861.80,1870.80,1870.80,121
Oro,07/12/2020,1836.50,1866.90,1820.80,1861.80,1861.80,1427
Oro,04/12/2020,1840.70,1847.60,1828.20,1835.90,1835.90,1213
Oro,03/12/2020,1829.20,1842.00,1825.30,1836.80,1836.80,1765
Oro,02/12/2020,1811.30,1830.00,1807.80,1825.70,1825.70,771
Oro,01/12/2020,1775.00,1815.90,1774.90,1814.10,1814.10,1859
Oro,30/11/2020,1785.00,1787.20,1762.30,1775.70,1775.70,3145
Oro,27/11/2020,,,,,,
Oro,25/11/2020,1801.40,1805.70,1801.40,1805.70,1805.70,205754
Oro,24/11/2020,1829.30,1829.30,1799.30,1804.80,1804.80,1041
Oro,23/11/2020,1834.80,1837.80,1829.20,1837.80,1837.80,843
Oro,20/11/2020,1871.20,1872.60,1871.20,1872.60,1872.60,1900
Oro,19/11/2020,1865.80,1865.80,1856.00,1861.10,1861.10,59
Oro,18/11/2020,1873.50,1873.50,1873.50,1873.50,1873.50,152
Oro,17/11/2020,1888.40,1888.40,1884.50,1884.50,1884.50,59
Oro,16/11/2020,1874.60,1887.30,1871.00,1887.30,1887.30,6
Oro,13/11/2020,1877.00,1890.10,1876.80,1885.70,1885.70,240
Oro,12/11/2020,1869.00,1878.50,1866.60,1872.60,1872.60,220
Oro,11/11/2020,1878.80,1878.80,1855.50,1860.70,1860.70,222
Oro,10/11/2020,1879.30,1885.30,1871.20,1875.40,1875.40,276
Oro,09/11/2020,1955.60,1963.20,1847.10,1853.20,1853.20,745
Oro,06/11/2020,1940.80,1958.80,1940.80,1950.30,1950.30,304
Oro,05/11/2020,1901.70,1948.00,1901.70,1945.30,1945.30,135
Petróleo Brent,31/03/2021,64.48,64.69,63.59,63.59,63.59,257
Petróleo Brent,30/03/2021,65.31,65.65,63.64,64.14,64.14,18231
Petróleo Brent,29/03/2021,64.04,65.45,63.14,64.98,64.98,18231
Petróleo Brent,26/03/2021,61.74,64.88,61.74,64.57,64.57,23364
Petróleo Brent,25/03/2021,64.15,64.15,60.98,61.95,61.95,27894
Petróleo Brent,24/03/2021,60.35,64.56,60.34,64.41,64.41,36451
Petróleo Brent,23/03/2021,64.31,64.34,60.26,60.79,60.79,43200
Petróleo Brent,22/03/2021,64.66,65.07,63.45,64.62,64.62,29644
Petróleo Brent,19/03/2021,62.83,64.90,62.08,64.53,64.53,54241
Petróleo Brent,18/03/2021,67.93,68.15,61.42,63.28,63.28,61688
Petróleo Brent,17/03/2021,68.39,68.88,66.96,68.00,68.00,37607
Petróleo Brent,16/03/2021,68.86,68.96,67.36,68.39,68.39,27321
Petróleo Brent,15/03/2021,69.12,70.02,67.83,68.88,68.88,30212
Petróleo Brent,12/03/2021,69.59,69.90,69.03,69.22,69.22,27364
Petróleo Brent,11/03/2021,68.26,69.83,68.00,69.63,69.63,30629
Petróleo Brent,10/03/2021,67.33,68.43,66.52,67.90,67.90,37089
Petróleo Brent,09/03/2021,68.10,69.32,67.14,67.52,67.52,30989
Petróleo Brent,08/03/2021,69.90,71.36,67.81,68.24,68.24,37511
Petróleo Brent,05/03/2021,67.26,69.69,66.66,69.36,69.36,40754
Petróleo Brent,04/03/2021,63.94,67.73,63.36,66.74,66.74,67790
Petróleo Brent,03/03/2021,62.47,64.70,62.34,64.07,64.07,35401
Petróleo Brent,02/03/2021,63.39,64.13,62.37,62.70,62.70,37996
Petróleo Brent,01/03/2021,65.95,65.95,65.95,65.95,65.95,33869
Petróleo Brent,26/02/2021,66.71,66.88,65.70,66.13,66.13,191
Petróleo Brent,25/02/2021,67.34,67.70,66.49,66.88,66.88,11746
Petróleo Brent,24/02/2021,65.23,67.29,64.80,67.04,67.04,27000
Petróleo Brent,23/02/2021,65.66,66.79,64.48,65.37,65.37,34643
Petróleo Brent,22/02/2021,62.73,65.84,62.59,65.24,65.24,32173
Petróleo Brent,19/02/2021,63.65,63.93,62.11,62.91,62.91,54254
Petróleo Brent,18/02/2021,64.87,65.49,63.23,63.93,63.93,43309
Petróleo Brent,17/02/2021,63.55,64.95,62.75,64.34,64.34,47339
Petróleo Brent,16/02/2021,62.77,63.81,62.69,63.35,63.35,65492
Petróleo Brent,12/02/2021,60.86,62.83,60.34,62.43,62.43,36933
Petróleo Brent,11/02/2021,61.21,61.50,60.73,61.14,61.14,26169
Petróleo Brent,10/02/2021,61.23,61.68,60.89,61.47,61.47,28344
Petróleo Brent,09/02/2021,60.64,61.27,60.04,61.09,61.09,31230
Petróleo Brent,08/02/2021,59.56,60.70,59.55,60.56,60.56,21098
Petróleo Brent,05/02/2021,59.10,59.79,59.08,59.34,59.34,23510
Petróleo Brent,04/02/2021,58.67,59.05,58.06,58.84,58.84,24732
Petróleo Brent,03/02/2021,57.79,58.94,57.53,58.46,58.46,34146
Petróleo Brent,02/02/2021,56.29,58.05,56.22,57.46,57.46,34815
Petróleo Brent,01/02/2021,55.88,55.88,55.88,55.88,55.88,34234
Petróleo Brent,29/01/2021,55.52,56.35,55.43,55.88,55.88,1143
Petróleo Brent,28/01/2021,55.67,56.59,55.22,55.53,55.53,6141
Petróleo Brent,27/01/2021,56.08,56.48,55.20,55.81,55.81,20094
Petróleo Brent,26/01/2021,55.98,56.34,55.40,55.91,55.91,19102
Petróleo Brent,25/01/2021,55.20,56.02,55.09,55.88,55.88,24457
Petróleo Brent,22/01/2021,56.15,56.17,54.49,55.41,55.41,33071
Petróleo Brent,21/01/2021,55.78,56.24,55.51,56.10,56.10,22792
Petróleo Brent,20/01/2021,55.90,56.62,55.65,56.08,56.08,33793
Petróleo Brent,19/01/2021,54.74,56.08,54.50,55.90,55.90,36910
Petróleo Brent,15/01/2021,56.43,56.64,54.65,55.10,55.10,30604
Petróleo Brent,14/01/2021,55.94,56.54,55.24,56.42,56.42,33446
Petróleo Brent,13/01/2021,56.73,57.42,55.78,56.06,56.06,32953
Petróleo Brent,12/01/2021,55.56,56.78,55.53,56.58,56.58,27874
Petróleo Brent,11/01/2021,56.21,56.28,54.98,55.66,55.66,33199
Petróleo Brent,08/01/2021,54.46,56.30,54.36,55.99,55.99,37597
Petróleo Brent,07/01/2021,54.14,54.90,53.94,54.38,54.38,30800
Petróleo Brent,06/01/2021,53.59,54.72,53.15,54.30,54.30,49186
Petróleo Brent,05/01/2021,50.74,53.88,50.62,53.60,53.60,62791
Petróleo Brent,04/01/2021,51.66,53.32,50.58,51.09,51.09,50232
Petróleo Brent,31/12/2020,,,,,,
Petróleo Brent,30/12/2020,51.05,51.52,51.05,51.34,51.34,18326
Petróleo Brent,29/12/2020,51.06,51.63,50.87,51.09,51.09,5788
Petróleo Brent,28/12/2020,51.20,52.02,50.52,50.86,50.86,9704
Petróleo Brent,24/12/2020,,,,,,
Petróleo Brent,23/12/2020,49.80,51.59,49.18,51.20,51.20,18879
Petróleo Brent,22/12/2020,50.90,50.93,49.56,50.08,50.08,22381
Petróleo Brent,21/12/2020,52.31,52.34,49.21,50.91,50.91,33507
Petróleo Brent,18/12/2020,51.45,52.47,51.14,52.26,52.26,24749
Petróleo Brent,17/12/2020,51.08,51.88,51.01,51.50,51.50,24947
Petróleo Brent,16/12/2020,50.72,51.20,50.36,51.08,51.08,25996
Petróleo Brent,15/12/2020,50.33,50.88,49.79,50.76,50.76,24071
Petróleo Brent,14/12/2020,50.06,50.80,49.18,50.29,50.29,28782
Petróleo Brent,11/12/2020,50.34,50.74,49.75,49.97,49.97,25222
Petróleo Brent,10/12/2020,48.98,51.07,48.86,50.25,50.25,30919
Petróleo Brent,09/12/2020,48.83,49.54,48.38,48.86,48.86,36534
Petróleo Brent,08/12/2020,48.68,49.00,48.11,48.84,48.84,27102
Petróleo Brent,07/12/2020,49.23,49.43,48.39,48.79,48.79,23896
Petróleo Brent,04/12/2020,48.82,49.86,48.77,49.25,49.25,31658
Petróleo Brent,03/12/2020,48.08,48.93,47.68,48.71,48.71,36526
Petróleo Brent,02/12/2020,47.14,48.75,46.77,48.25,48.25,35514
Petróleo Brent,01/12/2020,47.61,47.61,47.61,47.61,47.61,31987
Petróleo Brent,30/11/2020,47.75,47.95,46.85,47.59,47.59,524
Petróleo Brent,27/11/2020,,,,,,
Petróleo Brent,25/11/2020,47.86,49.05,47.60,48.61,48.61,24897
Petróleo Brent,24/11/2020,45.84,48.03,45.84,47.86,47.86,31692
Petróleo Brent,23/11/2020,45.13,46.12,44.90,46.06,46.06,35378
Petróleo Brent,20/11/2020,44.22,45.19,44.00,44.96,44.96,24489
Petróleo Brent,19/11/2020,44.16,44.58,43.79,44.20,44.20,25836
Petróleo Brent,18/11/2020,43.78,44.88,43.49,44.34,44.34,28668
Petróleo Brent,17/11/2020,43.90,44.23,43.08,43.75,43.75,27858
Petróleo Brent,16/11/2020,42.73,44.68,42.64,43.82,43.82,37770
Petróleo Brent,13/11/2020,43.33,43.34,42.63,42.78,42.78,34737
Petróleo Brent,12/11/2020,43.78,44.48,43.28,43.53,43.53,36578
Petróleo Brent,11/11/2020,43.96,45.31,43.61,43.80,43.80,43047
Petróleo Brent,10/11/2020,42.13,44.07,41.55,43.61,43.61,41973
Petróleo Brent,09/11/2020,39.70,43.49,39.61,42.40,42.40,55156
Petróleo Brent,06/11/2020,40.77,40.78,39.33,39.45,39.45,33078
Petróleo Brent,05/11/2020,41.17,41.52,40.34,40.93,40.93,30961
Gas Natural,31/03/2021,2.6050,2.6060,2.6000,2.6020,2.6020,320
Gas Natural,30/03/2021,2.6430,2.6880,2.5970,2.6230,2.6230,103898
Gas Natural,29/03/2021,2.5630,2.6070,2.5300,2.5860,2.5860,103898
Gas Natural,26/03/2021,2.5700,2.5870,2.5460,2.5570,2.5570,35201
Gas Natural,25/03/2021,2.5200,2.5850,2.4850,2.5700,2.5700,39046
Gas Natural,24/03/2021,2.5150,2.5450,2.5030,2.5180,2.5180,48420
Gas Natural,23/03/2021,2.5780,2.5810,2.5020,2.5080,2.5080,89372
Gas Natural,22/03/2021,2.5070,2.5920,2.4780,2.5820,2.5820,108225
Gas Natural,19/03/2021,2.4890,2.5540,2.4560,2.5350,2.5350,74375
Gas Natural,18/03/2021,2.5230,2.5260,2.4220,2.4810,2.4810,143768
Gas Natural,17/03/2021,2.5620,2.5650,2.4890,2.5280,2.5280,91676
Gas Natural,16/03/2021,2.4940,2.5660,2.4790,2.5620,2.5620,99293
Gas Natural,15/03/2021,2.5580,2.5610,2.4780,2.4840,2.4840,136038
Gas Natural,12/03/2021,2.6690,2.6930,2.5840,2.6000,2.6000,104726
Gas Natural,11/03/2021,2.6890,2.7140,2.6360,2.6680,2.6680,119770
Gas Natural,10/03/2021,2.6530,2.7070,2.6150,2.6920,2.6920,93180
Gas Natural,09/03/2021,2.6620,2.6900,2.6240,2.6620,2.6620,96803
Gas Natural,08/03/2021,2.6910,2.7340,2.6230,2.6640,2.6640,130867
Gas Natural,05/03/2021,2.7430,2.7550,2.6810,2.7010,2.7010,116201
Gas Natural,04/03/2021,2.8030,2.8260,2.6840,2.7460,2.7460,138699
Gas Natural,03/03/2021,2.8480,2.8870,2.8010,2.8160,2.8160,93789
Gas Natural,02/03/2021,2.7830,2.8570,2.7570,2.8390,2.8390,109635
Gas Natural,01/03/2021,2.8000,2.8090,2.7240,2.7770,2.7770,75971
Gas Natural,26/02/2021,2.7700,2.7860,2.6970,2.7710,2.7710,132989
Gas Natural,25/02/2021,2.8060,2.8550,2.7610,2.7770,2.7770,123990
Gas Natural,24/02/2021,2.8780,2.8860,2.8220,2.8540,2.8540,113572
Gas Natural,23/02/2021,2.9490,2.9640,2.8540,2.8790,2.8790,45697
Gas Natural,22/02/2021,3.0100,3.0300,2.8890,2.9530,2.9530,39814
Gas Natural,19/02/2021,3.0670,3.1480,2.9910,3.0690,3.0690,67064
Gas Natural,18/02/2021,3.2670,3.2980,3.0410,3.0820,3.0820,171654
Gas Natural,17/02/2021,3.0980,3.3160,3.0490,3.2190,3.2190,218620
Gas Natural,16/02/2021,3.0460,3.2140,2.9760,3.1290,3.1290,288942
Gas Natural,12/02/2021,2.8700,2.9870,2.8340,2.9120,2.9120,190054
Gas Natural,11/02/2021,2.9750,3.0450,2.8390,2.8680,2.8680,261922
Gas Natural,10/02/2021,2.8190,2.9820,2.7410,2.9110,2.9110,266986
Gas Natural,09/02/2021,2.8830,2.9270,2.7880,2.8350,2.8350,196927
Gas Natural,08/02/2021,2.9090,2.9850,2.8440,2.8820,2.8820,194660
Gas Natural,05/02/2021,2.9570,3.0570,2.8510,2.8630,2.8630,270029
Gas Natural,04/02/2021,2.7760,2.9770,2.7340,2.9350,2.9350,186926
Gas Natural,03/02/2021,2.8270,2.8940,2.7480,2.7890,2.7890,158484
Gas Natural,02/02/2021,2.8290,3.0050,2.8110,2.8450,2.8450,236392
Gas Natural,01/02/2021,2.7300,2.8680,2.7120,2.8500,2.8500,243658
Gas Natural,29/01/2021,2.6800,2.7100,2.5540,2.5640,2.5640,133177
Gas Natural,28/01/2021,2.6750,2.7010,2.5910,2.6640,2.6640,159820
Gas Natural,27/01/2021,2.6500,2.7730,2.6500,2.7600,2.7600,153190
Gas Natural,26/01/2021,2.6030,2.6860,2.5950,2.6560,2.6560,32233
Gas Natural,25/01/2021,2.5420,2.6190,2.5040,2.6020,2.6020,42988
Gas Natural,22/01/2021,2.4920,2.5040,2.4140,2.4460,2.4460,63833
Gas Natural,21/01/2021,2.5320,2.5510,2.4580,2.4910,2.4910,100319
Gas Natural,20/01/2021,2.5440,2.5670,2.4540,2.5390,2.5390,133437
Gas Natural,19/01/2021,2.6520,2.6730,2.5230,2.5460,2.5460,211313
Gas Natural,15/01/2021,2.6720,2.8000,2.6360,2.7370,2.7370,150994
Gas Natural,14/01/2021,2.7420,2.7910,2.6600,2.6660,2.6660,163043
Gas Natural,13/01/2021,2.7370,2.8260,2.7080,2.7270,2.7270,169240
Gas Natural,12/01/2021,2.7940,2.8990,2.7180,2.7530,2.7530,201432
Gas Natural,11/01/2021,2.6000,2.8110,2.5890,2.7470,2.7470,177248
Gas Natural,08/01/2021,2.6750,2.7300,2.6260,2.7000,2.7000,148730
Gas Natural,07/01/2021,2.7220,2.7550,2.6630,2.7290,2.7290,135480
Gas Natural,06/01/2021,2.6880,2.7700,2.6060,2.7160,2.7160,144690
Gas Natural,05/01/2021,2.5990,2.7320,2.5910,2.7020,2.7020,149828
Gas Natural,04/01/2021,2.6260,2.6700,2.5660,2.5810,2.5810,128377
Gas Natural,31/12/2020,2.4330,2.5470,2.4290,2.5390,2.5390,111108
Gas Natural,30/12/2020,2.4440,2.4730,2.3870,2.4220,2.4220,81788
Gas Natural,29/12/2020,2.3400,2.4890,2.2820,2.4670,2.4670,143530
Gas Natural,28/12/2020,2.3110,2.3430,2.2380,2.3050,2.3050,49279
Gas Natural,24/12/2020,,,,,,
Gas Natural,23/12/2020,2.7680,2.7930,2.5660,2.6080,2.6080,98707
Gas Natural,22/12/2020,2.7030,2.8060,2.6900,2.7800,2.7800,112742
Gas Natural,21/12/2020,2.7300,2.7300,2.6320,2.7050,2.7050,104274
Gas Natural,18/12/2020,2.6580,2.7200,2.6480,2.7000,2.7000,121682
Gas Natural,17/12/2020,2.6850,2.7240,2.6060,2.6360,2.6360,154243
Gas Natural,16/12/2020,2.6660,2.6920,2.6180,2.6770,2.6770,128968
Gas Natural,15/12/2020,2.6690,2.7000,2.5960,2.6820,2.6820,137598
Gas Natural,14/12/2020,2.6580,2.7080,2.6120,2.6820,2.6820,142936
Gas Natural,11/12/2020,2.5680,2.6300,2.5260,2.5910,2.5910,177710
Gas Natural,10/12/2020,2.4300,2.5940,2.3810,2.5530,2.5530,215458
Gas Natural,09/12/2020,2.4540,2.5240,2.4210,2.4420,2.4420,185147
Gas Natural,08/12/2020,2.4310,2.4800,2.3680,2.3990,2.3990,177627
Gas Natural,07/12/2020,2.4560,2.4830,2.3810,2.4060,2.4060,236673
Gas Natural,04/12/2020,2.5110,2.6230,2.4620,2.5750,2.5750,142533
Gas Natural,03/12/2020,2.7600,2.7680,2.4840,2.5070,2.5070,269563
Gas Natural,02/12/2020,2.8810,2.9340,2.7400,2.7800,2.7800,142878
Gas Natural,01/12/2020,2.9340,2.9720,2.8330,2.8800,2.8800,137665
Gas Natural,30/11/2020,2.8310,2.9960,2.8230,2.8820,2.8820,146181
Gas Natural,27/11/2020,,,,,,
Gas Natural,25/11/2020,2.7650,2.9140,2.7000,2.8960,2.8960,112015
Gas Natural,24/11/2020,2.7090,2.7800,2.6930,2.7750,2.7750,41700
Gas Natural,23/11/2020,2.7050,2.7280,2.6490,2.7110,2.7110,38777
Gas Natural,20/11/2020,2.5990,2.6790,2.5800,2.6500,2.6500,76190
Gas Natural,19/11/2020,2.7150,2.7440,2.5250,2.5920,2.5920,159959
Gas Natural,18/11/2020,2.6940,2.7830,2.6870,2.7120,2.7120,124471
Gas Natural,17/11/2020,2.6840,2.7320,2.6490,2.6920,2.6920,110709
Gas Natural,16/11/2020,2.8710,2.8870,2.6750,2.6970,2.6970,189362
Gas Natural,13/11/2020,2.9490,3.0870,2.9490,2.9950,2.9950,127125
Gas Natural,12/11/2020,3.0320,3.0640,2.9410,2.9760,2.9760,126609
Gas Natural,11/11/2020,2.9480,3.0570,2.9110,3.0310,3.0310,139900
Gas Natural,10/11/2020,2.8600,3.0120,2.8550,2.9490,2.9490,158192
Gas Natural,09/11/2020,2.8720,2.9290,2.8210,2.8590,2.8590,125977
Gas Natural,06/11/2020,2.9340,2.9710,2.8660,2.8880,2.8880,186660
Gas Natural,05/11/2020,3.0620,3.1130,2.9250,2.9420,2.9420,173752
Plata,31/03/2021,24.46,24.49,24.44,24.48,24.48,274
Plata,30/03/2021,24.70,24.70,23.97,24.12,24.12,491
Plata,29/03/2021,24.85,24.91,24.51,24.75,24.75,491
Plata,26/03/2021,25.18,25.18,25.04,25.09,25.09,130
Plata,25/03/2021,25.15,25.15,24.50,25.02,25.02,162
Plata,24/03/2021,25.25,25.34,25.19,25.20,25.20,432
Plata,23/03/2021,25.61,25.69,25.09,25.20,25.20,191
Plata,22/03/2021,25.95,25.95,25.54,25.74,25.74,147
Plata,19/03/2021,26.06,26.29,26.06,26.29,26.29,194
Plata,18/03/2021,26.43,26.43,25.90,26.32,26.32,81
Plata,17/03/2021,25.81,26.53,25.80,26.03,26.03,379
Plata,16/03/2021,26.13,26.15,25.92,25.97,25.97,559
Plata,15/03/2021,26.20,26.33,25.92,26.25,26.25,148
Plata,12/03/2021,26.15,26.20,25.46,25.88,25.88,244
Plata,11/03/2021,26.15,26.41,26.04,26.16,26.16,37
Plata,10/03/2021,26.01,26.28,25.78,26.10,26.10,85
Plata,09/03/2021,25.23,26.15,25.23,26.15,26.15,133
Plata,08/03/2021,25.52,25.71,25.00,25.24,25.24,76
Plata,05/03/2021,25.34,25.37,24.91,25.26,25.26,339
Plata,04/03/2021,26.12,26.33,25.21,25.43,25.43,914
Plata,03/03/2021,26.81,26.81,25.93,26.36,26.36,241
Plata,02/03/2021,26.39,26.85,25.86,26.85,26.85,703
Plata,01/03/2021,26.69,26.99,26.49,26.65,26.65,519
Plata,26/02/2021,27.45,27.56,26.18,26.40,26.40,1205
Plata,25/02/2021,28.03,28.26,27.30,27.64,27.64,13035
Plata,24/02/2021,27.86,27.86,27.86,27.86,27.86,73500
Plata,23/02/2021,27.69,27.69,27.69,27.69,27.69,8
Plata,22/02/2021,28.08,28.10,28.08,28.08,28.08,248
Plata,19/02/2021,27.50,27.55,27.25,27.25,27.25,8
Plata,18/02/2021,27.13,27.13,27.08,27.08,27.08,2
Plata,17/02/2021,27.31,27.31,27.31,27.31,27.31,125
Plata,16/02/2021,27.51,27.51,27.06,27.32,27.32,64
Plata,12/02/2021,27.32,27.32,27.32,27.32,27.32,
Plata,11/02/2021,27.17,27.17,26.91,27.04,27.04,3
Plata,10/02/2021,27.10,27.10,27.07,27.07,27.07,32
Plata,09/02/2021,27.42,27.44,27.29,27.40,27.40,5
Plata,08/02/2021,27.28,27.57,27.28,27.57,27.57,6
Plata,05/02/2021,26.43,27.01,26.43,27.01,27.01,58
Plata,04/02/2021,26.67,26.67,26.00,26.22,26.22,114
Plata,03/02/2021,26.94,27.02,26.86,26.88,26.88,143
Plata,02/02/2021,28.65,28.93,26.38,26.38,26.38,91
Plata,01/02/2021,28.36,30.16,28.30,29.40,29.40,474
Plata,29/01/2021,26.64,27.58,26.37,26.90,26.90,32
Plata,28/01/2021,25.08,27.01,24.93,25.91,25.91,508
Plata,27/01/2021,25.38,25.38,25.38,25.38,25.38,610
Plata,26/01/2021,25.53,25.53,25.53,25.53,25.53,92
Plata,25/01/2021,25.45,25.45,25.45,25.45,25.45,5
Plata,22/01/2021,25.52,25.54,25.52,25.52,25.52,10
Plata,21/01/2021,25.82,25.82,25.82,25.82,25.82,
Plata,20/01/2021,25.42,25.73,25.42,25.73,25.73,151
Plata,19/01/2021,24.92,25.28,24.92,25.28,25.28,4
Plata,15/01/2021,25.43,25.47,24.83,24.83,24.83,88
Plata,14/01/2021,25.75,25.75,25.75,25.75,25.75,66
Plata,13/01/2021,25.55,25.55,25.50,25.52,25.52,211
Plata,12/01/2021,25.14,25.39,25.10,25.38,25.38,90
Plata,11/01/2021,25.52,25.52,24.73,25.24,25.24,11
Plata,08/01/2021,24.58,25.33,24.58,24.58,24.58,3
Plata,07/01/2021,27.20,27.20,27.20,27.20,27.20,3
Plata,06/01/2021,27.42,27.42,26.97,26.97,26.97,50
Plata,05/01/2021,27.57,27.57,27.57,27.57,27.57,4
Plata,04/01/2021,27.28,27.28,27.28,27.28,27.28,52
Plata,31/12/2020,26.53,26.54,26.33,26.33,26.33,36
Plata,30/12/2020,26.32,26.52,26.26,26.49,26.49,77
Plata,29/12/2020,26.25,26.25,26.14,26.14,26.14,191
Plata,28/12/2020,26.80,26.82,26.45,26.46,26.46,140
Plata,24/12/2020,,,,,,
Plata,23/12/2020,25.56,25.82,25.56,25.82,25.82,68
Plata,22/12/2020,26.48,26.67,25.27,25.43,25.43,93
Plata,21/12/2020,26.00,26.99,25.41,26.28,26.28,153
Plata,18/12/2020,26.12,26.12,25.95,25.95,25.95,105
Plata,17/12/2020,25.45,26.18,25.45,26.10,26.10,201
Plata,16/12/2020,25.15,25.50,24.82,24.99,24.99,151
Plata,15/12/2020,24.08,24.58,24.08,24.58,24.58,42
Plata,14/12/2020,24.16,24.16,23.99,23.99,23.99,25
Plata,11/12/2020,23.99,24.05,23.95,24.03,24.03,48
Plata,10/12/2020,23.94,24.31,23.94,24.03,24.03,23
Plata,09/12/2020,24.66,24.66,23.78,23.93,23.93,53
Plata,08/12/2020,24.75,24.76,24.63,24.68,24.68,70
Plata,07/12/2020,24.24,24.85,23.72,24.74,24.74,239
Plata,04/12/2020,24.12,24.50,24.08,24.20,24.20,444
Plata,03/12/2020,24.10,24.34,24.00,24.09,24.09,136
Plata,02/12/2020,23.92,24.38,23.64,24.02,24.02,303
Plata,01/12/2020,22.67,24.09,22.65,24.03,24.03,703
Plata,30/11/2020,22.74,22.74,22.00,22.53,22.53,1677
Plata,27/11/2020,,,,,,
Plata,25/11/2020,23.36,23.36,23.36,23.36,23.36,57047
Plata,24/11/2020,23.33,23.33,23.29,23.29,23.29,2
Plata,23/11/2020,23.62,23.62,23.62,23.62,23.62,1
Plata,20/11/2020,24.35,24.35,24.35,24.35,24.35,
Plata,19/11/2020,24.03,24.03,24.03,24.03,24.03,
Plata,18/11/2020,24.43,24.43,24.43,24.43,24.43,38
Plata,17/11/2020,24.76,24.76,24.64,24.64,24.64,2
Plata,16/11/2020,24.79,24.79,24.79,24.79,24.79,
Plata,13/11/2020,24.76,24.76,24.76,24.76,24.76,
Plata,12/11/2020,24.29,24.29,24.29,24.29,24.29,
Plata,11/11/2020,23.94,24.25,23.94,24.25,24.25,5
Plata,10/11/2020,24.22,24.45,24.21,24.45,24.45,6
Plata,09/11/2020,23.68,23.68,23.68,23.68,23.68,
Plata,06/11/2020,25.23,25.91,25.20,25.65,25.65,66
Plata,05/11/2020,24.80,25.17,24.80,25.17,25.17,79
Gasolina,31/03/2021,2.0100,2.0100,1.9371,1.9468,1.9468,4510
Gasolina,30/03/2021,2.0038,2.0179,1.9575,1.9890,1.9890,18987
Gasolina,29/03/2021,1.9665,2.0050,1.9506,1.9952,1.9952,18987
Gasolina,26/03/2021,1.9211,1.9813,1.9211,1.9673,1.9673,28332
Gasolina,25/03/2021,1.9804,1.9838,1.9028,1.9209,1.9209,25694
Gasolina,24/03/2021,1.8771,1.9915,1.8760,1.9890,1.9890,29004
Gasolina,23/03/2021,1.9590,1.9591,1.8709,1.8964,1.8964,27951
Gasolina,22/03/2021,1.9402,1.9742,1.9171,1.9598,1.9598,29277
Gasolina,19/03/2021,1.9222,1.9711,1.8973,1.9431,1.9431,39043
Gasolina,18/03/2021,2.0479,2.0675,1.8971,1.9441,1.9441,68912
Gasolina,17/03/2021,2.0952,2.1038,2.0309,2.0471,2.0471,73090
Gasolina,16/03/2021,2.1077,2.1116,2.0761,2.1012,2.1012,43455
Gasolina,15/03/2021,2.1520,2.1700,2.0798,2.1046,2.1046,67545
Gasolina,12/03/2021,2.1356,2.1599,2.1267,2.1500,2.1500,68451
Gasolina,11/03/2021,2.0818,2.1455,2.0750,2.1380,2.1380,70454
Gasolina,10/03/2021,2.0423,2.0880,2.0202,2.0795,2.0795,70958
Gasolina,09/03/2021,2.0469,2.0859,2.0338,2.0502,2.0502,54047
Gasolina,08/03/2021,2.0826,2.1119,2.0314,2.0487,2.0487,59367
Gasolina,05/03/2021,2.0029,2.0790,1.9939,2.0647,2.0647,72631
Gasolina,04/03/2021,1.9410,2.0242,1.9166,1.9979,1.9979,63211
Gasolina,03/03/2021,1.9264,1.9711,1.9241,1.9518,1.9518,61734
Gasolina,02/03/2021,1.9290,1.9651,1.9063,1.9364,1.9364,60757
Gasolina,01/03/2021,1.9622,1.9890,1.9178,1.9429,1.9429,75686
Gasolina,26/02/2021,1.8950,1.8979,1.8666,1.8770,1.8770,72040
Gasolina,25/02/2021,1.8950,1.9040,1.8687,1.8923,1.8923,24196
Gasolina,24/02/2021,1.8586,1.9000,1.8486,1.8956,1.8956,22835
Gasolina,23/02/2021,1.8618,1.8722,1.8121,1.8586,1.8586,36131
Gasolina,22/02/2021,1.7873,1.8572,1.7864,1.8417,1.8417,38754
Gasolina,19/02/2021,1.7855,1.8384,1.7794,1.8069,1.8069,60515
Gasolina,18/02/2021,1.8132,1.8486,1.7721,1.7943,1.7943,52681
Gasolina,17/02/2021,1.7753,1.8240,1.7599,1.8105,1.8105,49600
Gasolina,16/02/2021,1.7023,1.7927,1.7020,1.7729,1.7729,115124
Gasolina,12/02/2021,1.6446,1.7006,1.6310,1.6925,1.6925,73375
Gasolina,11/02/2021,1.6406,1.6670,1.6335,1.6502,1.6502,72490
Gasolina,10/02/2021,1.6698,1.6721,1.6385,1.6534,1.6534,88353
Gasolina,09/02/2021,1.6791,1.6924,1.6494,1.6736,1.6736,76151
Gasolina,08/02/2021,1.6517,1.6800,1.6517,1.6748,1.6748,62219
Gasolina,05/02/2021,1.6535,1.6732,1.6470,1.6493,1.6493,65844
Gasolina,04/02/2021,1.6535,1.6615,1.6244,1.6448,1.6448,49900
Gasolina,03/02/2021,1.6421,1.6583,1.6312,1.6486,1.6486,59381
Gasolina,02/02/2021,1.5914,1.6414,1.5914,1.6160,1.6160,58852
Gasolina,01/02/2021,1.5527,1.5967,1.5410,1.5901,1.5901,66761
Gasolina,29/01/2021,1.5806,1.6293,1.5676,1.5725,1.5725,101179
Gasolina,28/01/2021,1.5719,1.6119,1.5634,1.5829,1.5829,22911
Gasolina,27/01/2021,1.5770,1.5900,1.5615,1.5771,1.5771,21845
Gasolina,26/01/2021,1.5656,1.5890,1.5535,1.5807,1.5807,27080
Gasolina,25/01/2021,1.5419,1.5725,1.5328,1.5611,1.5611,32186
Gasolina,22/01/2021,1.5509,1.5517,1.5074,1.5487,1.5487,45110
Gasolina,21/01/2021,1.5349,1.5515,1.5285,1.5479,1.5479,26772
Gasolina,20/01/2021,1.5381,1.5635,1.5300,1.5439,1.5439,25445
Gasolina,19/01/2021,1.5181,1.5489,1.5115,1.5381,1.5381,38424
Gasolina,15/01/2021,1.5597,1.5624,1.5160,1.5284,1.5284,55210
Gasolina,14/01/2021,1.5473,1.5607,1.5183,1.5539,1.5539,55329
Gasolina,13/01/2021,1.5584,1.5756,1.5344,1.5488,1.5488,69545
Gasolina,12/01/2021,1.5205,1.5613,1.5192,1.5530,1.5530,65319
Gasolina,11/01/2021,1.5470,1.5486,1.5098,1.5208,1.5208,56793
Gasolina,08/01/2021,1.4866,1.5495,1.4831,1.5423,1.5423,80753
Gasolina,07/01/2021,1.4703,1.4879,1.4641,1.4827,1.4827,53441
Gasolina,06/01/2021,1.4439,1.4931,1.4404,1.4750,1.4750,68827
Gasolina,05/01/2021,1.3660,1.4586,1.3618,1.4521,1.4521,74245
Gasolina,04/01/2021,1.4085,1.4516,1.3620,1.3729,1.3729,71981
Gasolina,31/12/2020,1.4078,1.4238,1.3966,1.4084,1.4084,60206
Gasolina,30/12/2020,1.3905,1.4235,1.3888,1.4120,1.4120,14824
Gasolina,29/12/2020,1.3673,1.3951,1.3671,1.3879,1.3879,17158
Gasolina,28/12/2020,1.3788,1.3985,1.3630,1.3677,1.3677,13944
Gasolina,24/12/2020,,,,,,
Gasolina,23/12/2020,1.3395,1.3871,1.3211,1.3820,1.3820,26998
Gasolina,22/12/2020,1.3584,1.3596,1.3217,1.3395,1.3395,30017
Gasolina,21/12/2020,1.3971,1.3971,1.3069,1.3604,1.3604,34322
Gasolina,18/12/2020,1.3894,1.4018,1.3784,1.3956,1.3956,51512
Gasolina,17/12/2020,1.3551,1.3917,1.3539,1.3881,1.3881,62114
Gasolina,16/12/2020,1.3239,1.3597,1.3213,1.3529,1.3529,64838
Gasolina,15/12/2020,1.3231,1.3346,1.3090,1.3268,1.3268,50243
Gasolina,14/12/2020,1.3113,1.3285,1.2862,1.3191,1.3191,62999
Gasolina,11/12/2020,1.3166,1.3265,1.2981,1.3077,1.3077,61285
Gasolina,10/12/2020,1.2826,1.3355,1.2789,1.3166,1.3166,71548
Gasolina,09/12/2020,1.2580,1.2860,1.2495,1.2759,1.2759,76871
Gasolina,08/12/2020,1.2520,1.2686,1.2384,1.2559,1.2559,59137
Gasolina,07/12/2020,1.2645,1.2740,1.2438,1.2558,1.2558,58548
Gasolina,04/12/2020,1.2625,1.2880,1.2588,1.2685,1.2685,54119
Gasolina,03/12/2020,1.2376,1.2664,1.2239,1.2617,1.2617,59427
Gasolina,02/12/2020,1.2147,1.2553,1.2037,1.2399,1.2399,66860
Gasolina,01/12/2020,1.2366,1.2541,1.2100,1.2204,1.2204,64211
Gasolina,30/11/2020,1.2680,1.2820,1.2445,1.2489,1.2489,64599
Gasolina,27/11/2020,,,,,,
Gasolina,25/11/2020,1.2577,1.2960,1.2564,1.2875,1.2875,34852
Gasolina,24/11/2020,1.2023,1.2696,1.2012,1.2582,1.2582,29729
Gasolina,23/11/2020,1.1785,1.2096,1.1773,1.2040,1.2040,29540
Gasolina,20/11/2020,1.1650,1.1840,1.1589,1.1752,1.1752,33733
Gasolina,19/11/2020,1.1545,1.1701,1.1423,1.1625,1.1625,34314
Gasolina,18/11/2020,1.1573,1.1785,1.1482,1.1629,1.1629,37125
Gasolina,17/11/2020,1.1509,1.1598,1.1244,1.1532,1.1532,42175
Gasolina,16/11/2020,1.1250,1.1746,1.1231,1.1468,1.1468,48588
Gasolina,13/11/2020,1.1503,1.1503,1.1178,1.1254,1.1254,64487
Gasolina,12/11/2020,1.1768,1.1854,1.1467,1.1571,1.1571,70160
Gasolina,11/11/2020,1.2007,1.2341,1.1729,1.1759,1.1759,67928
Gasolina,10/11/2020,1.1530,1.2044,1.1395,1.1941,1.1941,61693
Gasolina,09/11/2020,1.0905,1.1973,1.0839,1.1607,1.1607,85504
Gasolina,06/11/2020,1.1140,1.1140,1.0757,1.0844,1.0844,63953
Gasolina,05/11/2020,1.1081,1.1185,1.0861,1.1159,1.1159,53338
